技能ID,技能名,图标,是否显示,技能描述,职业,技能等级,学习需要等级,升级技能,使用熟练度,升级需要熟练度,技能书ID,技能属性类型,消耗HP,消耗MP,冷却时间,公共冷却,施放方式,攻击目标选择方式,形状,最小施法距离,最大施法距离,影响范围,最大影响人数,目标类型,目标关系,伤害效果,技能攻击系数,技能附加威力,防御抵消伤害系数,触发buffID1,触发buffID2,触发功能几率1,功能ID1,触发功能几率2,功能ID2,特殊参数,技能资源,技能资源类型,范围群攻是否播放施放动作,受击延时,面板排序,技能伤害描述,技能范围描述,技能冷却时间描述,附加效果描述
,,,,,,,,,,,,,,,,,,,,,,,,,,,,,,,,,,,,,,,,,,,,,
int,string,string,bool,string,int,int,int,int,int,int,int,int,int,int,int,int,int,int,int,int,int,int,int,int[],int[],int,int,int,int,int,int,int,int,int,int,int,int,int,bool,int,int,string,string,string,string
10001,普通攻击,100,0,普通攻击,0,1,1,0,0,0,0,0,0,0,850,850,1,1,0,1,1,0,1,1,1,1,10000,0,10000,0,0,0,0,0,0,0,0,0,0,320,0,物理攻击*100%的伤害,单体攻击,无,无
10101,基础剑法,101,0,根据修炼等级不同，攻击力将会得到提高,1,1,1,10102,0,2000,26010001,1,0,0,0,0,3,1,0,1,1,0,1,1,1,1,0,0,10000,0,0,10000,0,0,0,0,0,0,0,320,6,增加<a color='30ff00'>1</a>点准确,无,无,无
10102,基础剑法,101,0,根据修炼等级不同，攻击力将会得到提高,1,2,1,10103,0,9000,0,1,0,0,0,0,3,1,0,1,1,0,1,1,1,1,0,0,10000,0,0,10000,0,0,0,0,0,0,0,320,6,增加<a color='30ff00'>2</a>点准确,无,无,无
10103,基础剑法,101,0,根据修炼等级不同，攻击力将会得到提高,1,3,1,10104,0,18000,0,1,0,0,0,0,3,1,0,1,1,0,1,1,1,1,0,0,10000,0,0,10000,0,0,0,0,0,0,0,320,6,增加<a color='30ff00'>3</a>点准确,无,无,无
10104,基础剑法,101,0,根据修炼等级不同，攻击力将会得到提高,1,4,1,10105,0,18000,0,1,0,0,0,0,3,1,0,1,1,0,1,1,1,1,0,0,10000,0,0,10000,0,0,0,0,0,0,0,320,6,增加<a color='30ff00'>4</a>点准确,无,无,无
10105,基础剑法,101,0,根据修炼等级不同，攻击力将会得到提高,1,5,1,10106,0,27000,0,1,0,0,0,0,3,1,0,1,1,0,1,1,1,1,0,0,10000,0,0,10000,0,0,0,0,0,0,0,320,6,增加<a color='30ff00'>5</a>点准确,无,无,无
10106,基础剑法,101,0,根据修炼等级不同，攻击力将会得到提高,1,6,1,10107,0,40000,0,1,0,0,0,0,3,1,0,1,1,0,1,1,1,1,0,0,10000,0,0,10000,0,0,0,0,0,0,0,320,6,增加<a color='30ff00'>6</a>点准确,无,无,无
10107,基础剑法,101,0,根据修炼等级不同，攻击力将会得到提高,1,7,1,10108,0,40000,0,1,0,0,0,0,3,1,0,1,1,0,1,1,1,1,0,0,10000,0,0,10000,0,0,0,0,0,0,0,320,6,增加<a color='30ff00'>7</a>点准确,无,无,无
10108,基础剑法,101,0,根据修炼等级不同，攻击力将会得到提高,1,8,1,10109,0,57000,0,1,0,0,0,0,3,1,0,1,1,0,1,1,1,1,0,0,10000,0,0,10000,0,0,0,0,0,0,0,320,6,增加<a color='30ff00'>8</a>点准确,无,无,无
10109,基础剑法,101,0,根据修炼等级不同，攻击力将会得到提高,1,9,1,10110,0,57000,0,1,268000,268,0,0,3,1,0,1,1,0,1,1,1,1,0,0,10000,0,0,10000,0,0,0,0,0,0,0,320,6,增加<a color='30ff00'>9</a>点准确,无,无,无
10110,基础剑法,101,0,根据修炼等级不同，攻击力将会得到提高,1,10,1,0,0,0,26010002,1,0,0,0,0,3,1,0,1,1,0,1,1,1,1,0,0,10000,0,0,10000,0,0,0,0,0,0,0,320,6,增加<a color='30ff00'>10</a>点准确,无,无,无
10301,刺杀剑法,103,1,隔位攻击目标无视防御、魔法盾,1,1,1,10302,1,2000,26010011,1,0,0,850,850,1,3,2,1,2,2,100,1;2;3;4;6,3,2,10000,24,10000,0,0,0,0,0,0,0,11020,10,0,320,1,物理攻击*<a color='30ff00'>100%+24</a>点附加伤害,正前方2格,无,对第二格的伤害无视防御
10302,刺杀剑法,103,1,隔位攻击目标无视防御、魔法盾,1,2,1,10303,1,9000,0,1,0,0,850,850,1,3,2,1,2,2,100,1;2;3;4;6,3,2,10000,48,10000,0,0,0,0,0,0,0,11020,10,0,320,1,物理攻击*<a color='30ff00'>100%+48</a>点附加伤害,正前方2格,无,对第二格的伤害无视防御
10303,刺杀剑法,103,1,隔位攻击目标无视防御、魔法盾,1,3,1,10304,1,18000,0,1,0,0,850,850,1,3,2,1,2,2,100,1;2;3;4;6,3,2,10100,72,10000,0,0,0,0,0,0,0,11020,10,0,320,1,物理攻击*<a color='30ff00'>101%+72</a>点附加伤害,正前方2格,无,对第二格的伤害无视防御
10304,刺杀剑法,103,1,隔位攻击目标无视防御、魔法盾,1,4,1,10305,1,18000,0,1,0,0,850,850,1,3,2,1,2,2,100,1;2;3;4;6,3,2,10100,96,10000,0,0,0,0,0,0,0,11020,10,0,320,1,物理攻击*<a color='30ff00'>101%+96</a>点附加伤害,正前方2格,无,对第二格的伤害无视防御
10305,刺杀剑法,103,1,隔位攻击目标无视防御、魔法盾,1,5,1,10306,1,27000,0,1,0,0,850,850,1,3,2,1,2,2,100,1;2;3;4;6,3,2,10200,120,10000,0,0,0,0,0,0,0,11020,10,0,320,1,物理攻击*<a color='30ff00'>102%+120</a>点附加伤害,正前方2格,无,对第二格的伤害无视防御
10306,刺杀剑法,103,1,隔位攻击目标无视防御、魔法盾,1,6,1,10307,1,40000,0,1,0,0,850,850,1,3,2,1,2,2,100,1;2;3;4;6,3,2,10200,144,10000,0,0,0,0,0,0,0,11020,10,0,320,1,物理攻击*<a color='30ff00'>102%+144</a>点附加伤害,正前方2格,无,对第二格的伤害无视防御
10307,刺杀剑法,103,1,隔位攻击目标无视防御、魔法盾,1,7,1,10308,1,40000,0,1,0,0,850,850,1,3,2,1,2,2,100,1;2;3;4;6,3,2,10300,168,10000,0,0,0,0,0,0,0,11020,10,0,320,1,物理攻击*<a color='30ff00'>103%+168</a>点附加伤害,正前方2格,无,对第二格的伤害无视防御
10308,刺杀剑法,103,1,隔位攻击目标无视防御、魔法盾,1,8,1,10309,1,57000,0,1,0,0,850,850,1,3,2,1,2,2,100,1;2;3;4;6,3,2,10300,192,10000,0,0,0,0,0,0,0,11020,10,0,320,1,物理攻击*<a color='30ff00'>103%+192</a>点附加伤害,正前方2格,无,对第二格的伤害无视防御
10309,刺杀剑法,103,1,隔位攻击目标无视防御、魔法盾,1,9,1,10310,1,57000,0,1,0,0,850,850,1,3,2,1,2,2,100,1;2;3;4;6,3,2,10400,216,10000,0,0,0,0,0,0,0,11020,10,0,320,1,物理攻击*<a color='30ff00'>104%+216</a>点附加伤害,正前方2格,无,对第二格的伤害无视防御
10310,刺杀剑法,103,1,隔位攻击目标无视防御、魔法盾,1,10,1,10311,1,57000,0,1,0,0,850,850,1,3,2,1,2,2,100,1;2;3;4;6,3,2,10400,240,10000,0,0,0,0,0,0,0,11020,10,0,320,1,物理攻击*<a color='30ff00'>104%+240</a>点附加伤害,正前方2格,无,对第二格的伤害无视防御
10311,怒之刺杀剑法,103,1,隔位攻击目标无视防御、魔法盾,1,11,1,10312,1,180000,26010012,1,0,0,850,850,1,3,2,1,2,2,100,1;2;3;4;6,3,2,10600,500,10000,0,0,0,0,0,0,0,13020,10,0,320,1,物理攻击*<a color='30ff00'>106%+264</a>点附加伤害,正前方2格,无,对第二格的伤害无视防御，额外造成<a color='30ff00'>246</a>点伤害
10312,怒之刺杀剑法,103,1,隔位攻击目标无视防御、魔法盾,1,12,1,10313,1,270000,0,1,0,0,850,850,1,3,2,1,2,2,100,1;2;3;4;6,3,2,10800,600,10000,0,0,0,0,0,0,0,13020,10,0,320,1,物理攻击*<a color='30ff00'>108%+288</a>点附加伤害,正前方2格,无,对第二格的伤害无视防御，额外造成<a color='30ff00'>312</a>点伤害
10313,怒之刺杀剑法,103,1,隔位攻击目标无视防御、魔法盾,1,13,1,0,1,0,0,1,0,0,850,850,1,3,2,1,2,2,100,1;2;3;4;6,3,2,11000,700,10000,0,0,0,0,0,0,0,13020,10,0,320,1,物理攻击*<a color='30ff00'>110%+312</a>点附加伤害,正前方2格,无,对第二格的伤害无视防御，额外造成<a color='30ff00'>388</a>点伤害
10401,半月弯刀,104,1,对周围单位造成伤害,1,1,1,10402,1,2000,26010021,1,0,1,850,850,1,2,3,1,1,1,100,1;2;3;4;6,3,2,8000,15,10000,0,0,0,0,0,0,0,11030,10,0,320,2,物理攻击*<a color='30ff00'>80%+15</a>点附加伤害,扇形攻击,无,无
10402,半月弯刀,104,1,对周围单位造成伤害,1,2,1,10403,1,9000,0,1,0,1,850,850,1,2,3,1,1,1,100,1;2;3;4;6,3,2,8000,30,10000,0,0,0,0,0,0,0,11030,10,0,320,2,物理攻击*<a color='30ff00'>80%+30</a>点附加伤害,扇形攻击,无,无
10403,半月弯刀,104,1,对周围单位造成伤害,1,3,1,10404,1,18000,0,1,0,1,850,850,1,2,3,1,1,1,100,1;2;3;4;6,3,2,8100,45,10000,0,0,0,0,0,0,0,11030,10,0,320,2,物理攻击*<a color='30ff00'>81%+45</a>点附加伤害,扇形攻击,无,无
10404,半月弯刀,104,1,对周围单位造成伤害,1,4,1,10405,1,18000,0,1,0,1,850,850,1,2,3,1,1,1,100,1;2;3;4;6,3,2,8100,60,10000,0,0,0,0,0,0,0,11030,10,0,320,2,物理攻击*<a color='30ff00'>81%+60</a>点附加伤害,扇形攻击,无,无
10405,半月弯刀,104,1,对周围单位造成伤害,1,5,1,10406,1,27000,0,1,0,1,850,850,1,2,3,1,1,1,100,1;2;3;4;6,3,2,8200,75,10000,0,0,0,0,0,0,0,11030,10,0,320,2,物理攻击*<a color='30ff00'>82%+75</a>点附加伤害,扇形攻击,无,无
10406,半月弯刀,104,1,对周围单位造成伤害,1,6,1,10407,1,40000,0,1,0,1,850,850,1,2,3,1,1,1,100,1;2;3;4;6,3,2,8200,90,10000,0,0,0,0,0,0,0,11030,10,0,320,2,物理攻击*<a color='30ff00'>82%+90</a>点附加伤害,扇形攻击,无,无
10407,半月弯刀,104,1,对周围单位造成伤害,1,7,1,10408,1,40000,0,1,0,1,850,850,1,2,3,1,1,1,100,1;2;3;4;6,3,2,8300,105,10000,0,0,0,0,0,0,0,11030,10,0,320,2,物理攻击*<a color='30ff00'>83%+105</a>点附加伤害,扇形攻击,无,无
10408,半月弯刀,104,1,对周围单位造成伤害,1,8,1,10409,1,57000,0,1,0,1,850,850,1,2,3,1,1,1,100,1;2;3;4;6,3,2,8300,120,10000,0,0,0,0,0,0,0,11030,10,0,320,2,物理攻击*<a color='30ff00'>83%+120</a>点附加伤害,扇形攻击,无,无
10409,半月弯刀,104,1,对周围单位造成伤害,1,9,1,10410,1,57000,0,1,0,1,850,850,1,2,3,1,1,1,100,1;2;3;4;6,3,2,8400,135,10000,0,0,0,0,0,0,0,11030,10,0,320,2,物理攻击*<a color='30ff00'>84%+135</a>点附加伤害,扇形攻击,无,无
10410,半月弯刀,104,1,对周围单位造成伤害,1,10,1,10411,1,57000,0,1,0,1,850,850,1,2,3,1,1,1,100,1;2;3;4;6,3,2,8400,150,10000,0,0,0,0,0,0,0,11030,10,0,320,2,物理攻击*<a color='30ff00'>84%+150</a>点附加伤害,扇形攻击,无,无
10411,怒之半月弯刀,104,1,对周围单位造成伤害,1,11,1,10412,1,180000,26010022,1,0,1,850,850,1,2,3,1,1,1,100,1;2;3;4;6,3,2,8600,200,10000,0,0,0,0,0,0,0,13030,10,0,320,2,物理攻击*<a color='30ff00'>86%+165</a>点附加伤害,扇形攻击,无,额外造成<a color='30ff00'>35</a>点伤害
10412,怒之半月弯刀,104,1,对周围单位造成伤害,1,12,1,10413,1,270000,0,1,0,1,850,850,1,2,3,1,1,1,100,1;2;3;4;6,3,2,8800,250,10000,0,0,0,0,0,0,0,13030,10,0,320,2,物理攻击*<a color='30ff00'>88%+180</a>点附加伤害,扇形攻击,无,额外造成<a color='30ff00'>70</a>点伤害
10413,怒之半月弯刀,104,1,对周围单位造成伤害,1,13,1,0,1,0,0,1,0,1,850,850,1,2,3,1,1,1,100,1;2;3;4;6,3,2,9000,300,10000,0,0,0,0,0,0,0,13030,10,0,320,2,物理攻击*<a color='30ff00'>90%+195</a>点附加伤害,扇形攻击,无,额外造成<a color='30ff00'>105</a>点伤害
10501,野蛮冲撞,105,1,用肩膀将等级低于自身的玩家撞开一段距离,1,1,1,10502,1,2000,26010031,1,0,1,5000,850,1,3,0,0,0,3,1,1;2;3;4;6,3,1,0,0,10000,35001,0,0,0,0,0,500,11040,22,0,320,3,无,单体,5秒,低等级目标僵直<a color='30ff00'>1</a>秒
10502,野蛮冲撞,105,1,用肩膀将等级低于自身的玩家撞开一段距离,1,2,1,10503,1,9000,0,1,0,1,5000,850,1,3,0,0,0,4,1,1;2;3;4;6,3,1,0,0,10000,35001,0,0,0,0,0,500,11040,22,0,320,3,无,单体,5秒,低等级目标僵直<a color='30ff00'>1</a>秒
10503,野蛮冲撞,105,1,用肩膀将等级低于自身的玩家撞开一段距离,1,3,1,10504,1,18000,0,1,0,1,5000,850,1,3,0,0,0,5,1,1;2;3;4;6,3,1,0,0,10000,35001,0,0,0,0,0,500,11040,22,0,320,3,无,单体,5秒,低等级目标僵直<a color='30ff00'>1</a>秒
10504,野蛮冲撞,105,1,用肩膀将等级低于自身的玩家撞开一段距离,1,4,1,10505,1,18000,0,1,0,1,5000,850,1,3,0,0,0,5,1,1;2;3;4;6,3,1,0,0,10000,35001,0,0,0,0,0,500,11040,22,0,320,3,无,单体,5秒,低等级目标僵直<a color='30ff00'>1</a>秒
10505,野蛮冲撞,105,1,用肩膀将等级低于自身的玩家撞开一段距离,1,5,1,10506,1,27000,0,1,0,1,5000,850,1,3,0,0,0,5,1,1;2;3;4;6,3,1,0,0,10000,35001,0,0,0,0,0,500,11040,22,0,320,3,无,单体,5秒,低等级目标僵直<a color='30ff00'>1</a>秒
10506,野蛮冲撞,105,1,用肩膀将等级低于自身的玩家撞开一段距离,1,6,1,10507,1,40000,0,1,0,1,5000,850,1,3,0,0,0,5,1,1;2;3;4;6,3,1,0,0,10000,35001,0,0,0,0,0,500,11040,22,0,320,3,无,单体,5秒,低等级目标僵直<a color='30ff00'>1</a>秒
10507,野蛮冲撞,105,1,用肩膀将等级低于自身的玩家撞开一段距离,1,7,1,10508,1,40000,0,1,0,1,5000,850,1,3,0,0,0,5,1,1;2;3;4;6,3,1,0,0,10000,35001,0,0,0,0,0,500,11040,22,0,320,3,无,单体,5秒,低等级目标僵直<a color='30ff00'>1</a>秒
10508,野蛮冲撞,105,1,用肩膀将等级低于自身的玩家撞开一段距离,1,8,1,10509,1,57000,0,1,0,1,5000,850,1,3,0,0,0,5,1,1;2;3;4;6,3,1,0,0,10000,35001,0,0,0,0,0,500,11040,22,0,320,3,无,单体,5秒,低等级目标僵直<a color='30ff00'>1</a>秒
10509,野蛮冲撞,105,1,用肩膀将等级低于自身的玩家撞开一段距离,1,9,1,10510,1,57000,0,1,0,1,5000,850,1,3,0,0,0,5,1,1;2;3;4;6,3,1,0,0,10000,35001,0,0,0,0,0,500,11040,22,0,320,3,无,单体,5秒,低等级目标僵直<a color='30ff00'>1</a>秒
10510,野蛮冲撞,105,1,用肩膀将等级低于自身的玩家撞开一段距离,1,10,1,10511,1,57000,0,1,0,1,5000,850,1,3,0,0,0,5,1,1;2;3;4;6,3,1,0,0,10000,35001,0,0,0,0,0,500,11040,22,0,320,3,无,单体,5秒,低等级目标僵直<a color='30ff00'>1</a>秒
10511,怒之野蛮冲撞,105,1,用肩膀将等级低于自身的玩家撞开一段距离,1,11,1,10512,1,180000,26010032,1,0,1,5000,850,1,3,0,0,0,5,1,1;2;3;4;6,3,1,0,400,10000,35001,0,0,0,0,0,500,11040,22,0,320,3,额外造成<a color='30ff00'>400</a>点伤害,单体,5秒,低等级目标僵直<a color='30ff00'>1</a>秒
10512,怒之野蛮冲撞,105,1,用肩膀将等级低于自身的玩家撞开一段距离,1,12,1,10513,1,270000,0,1,0,1,5000,850,1,3,0,0,0,5,1,1;2;3;4;6,3,1,0,700,10000,35001,0,0,0,0,0,500,11040,22,0,320,3,额外造成<a color='30ff00'>700</a>点伤害,单体,5秒,低等级目标僵直<a color='30ff00'>1</a>秒
10513,怒之野蛮冲撞,105,1,用肩膀将等级低于自身的玩家撞开一段距离,1,13,1,0,1,0,0,1,0,1,5000,850,1,3,0,0,0,5,1,1;2;3;4;6,3,1,0,1000,10000,35001,0,0,0,0,0,500,11040,22,0,320,3,额外造成<a color='30ff00'>1000</a>点伤害,单体,5秒,低等级目标僵直<a color='30ff00'>1</a>秒
10601,烈火剑法,106,1,将火焰精灵赋予武器上方，对单个目标造成巨额伤害,1,1,1,10602,1,2000,26010041,1,0,1,15000,860,4,3,1,1,1,1,100,1;2;3;4;6,3,2,15000,100,10000,0,0,0,0,0,0,0,11050,10,0,320,4,物理攻击*<a color='30ff00'>150%+100</a>点附加伤害,单体攻击,15秒,无
10602,烈火剑法,106,1,将火焰精灵赋予武器上方，对单个目标造成巨额伤害,1,2,1,10603,1,9000,0,1,0,1,15000,860,4,3,1,1,1,1,100,1;2;3;4;6,3,2,15100,200,10000,0,0,0,0,0,0,0,11050,10,0,320,4,物理攻击*<a color='30ff00'>151%+200</a>点附加伤害,单体攻击,15秒,无
10603,烈火剑法,106,1,将火焰精灵赋予武器上方，对单个目标造成巨额伤害,1,3,1,10604,1,18000,0,1,0,1,15000,860,4,3,1,1,1,1,100,1;2;3;4;6,3,2,15200,300,10000,0,0,0,0,0,0,0,11050,10,0,320,4,物理攻击*<a color='30ff00'>152%+300</a>点附加伤害,单体攻击,15秒,无
10604,烈火剑法,106,1,将火焰精灵赋予武器上方，对单个目标造成巨额伤害,1,4,1,10605,1,18000,0,1,0,1,15000,860,4,3,1,1,1,1,100,1;2;3;4;6,3,2,15300,400,10000,0,0,0,0,0,0,0,11050,10,0,320,4,物理攻击*<a color='30ff00'>153%+400</a>点附加伤害,单体攻击,15秒,无
10605,烈火剑法,106,1,将火焰精灵赋予武器上方，对单个目标造成巨额伤害,1,5,1,10606,1,27000,0,1,0,1,15000,860,4,3,1,1,1,1,100,1;2;3;4;6,3,2,15400,500,10000,0,0,0,0,0,0,0,11050,10,0,320,4,物理攻击*<a color='30ff00'>154%+500</a>点附加伤害,单体攻击,15秒,无
10606,烈火剑法,106,1,将火焰精灵赋予武器上方，对单个目标造成巨额伤害,1,6,1,10607,1,40000,0,1,0,1,15000,860,4,3,1,1,1,1,100,1;2;3;4;6,3,2,15500,600,10000,0,0,0,0,0,0,0,11050,10,0,320,4,物理攻击*<a color='30ff00'>155%+600</a>点附加伤害,单体攻击,15秒,无
10607,烈火剑法,106,1,将火焰精灵赋予武器上方，对单个目标造成巨额伤害,1,7,1,10608,1,40000,0,1,0,1,15000,860,4,3,1,1,1,1,100,1;2;3;4;6,3,2,15600,700,10000,0,0,0,0,0,0,0,11050,10,0,320,4,物理攻击*<a color='30ff00'>156%+700</a>点附加伤害,单体攻击,15秒,无
10608,烈火剑法,106,1,将火焰精灵赋予武器上方，对单个目标造成巨额伤害,1,8,1,10609,1,57000,0,1,0,1,15000,860,4,3,1,1,1,1,100,1;2;3;4;6,3,2,15700,800,10000,0,0,0,0,0,0,0,11050,10,0,320,4,物理攻击*<a color='30ff00'>157%+800</a>点附加伤害,单体攻击,15秒,无
10609,烈火剑法,106,1,将火焰精灵赋予武器上方，对单个目标造成巨额伤害,1,9,1,10610,1,57000,0,1,0,1,15000,860,4,3,1,1,1,1,100,1;2;3;4;6,3,2,15800,900,10000,0,0,0,0,0,0,0,11050,10,0,320,4,物理攻击*<a color='30ff00'>158%+900</a>点附加伤害,单体攻击,15秒,无
10610,烈火剑法,106,1,将火焰精灵赋予武器上方，对单个目标造成巨额伤害,1,10,1,10611,1,57000,0,1,0,1,15000,860,4,3,1,1,1,1,100,1;2;3;4;6,3,2,15900,1000,10000,0,0,0,0,0,0,0,11050,10,0,320,4,物理攻击*<a color='30ff00'>159%+1000</a>点附加伤害,单体攻击,15秒,无
10611,怒之烈火剑法,106,1,将火焰精灵赋予武器上方，对单个目标造成巨额伤害,1,11,1,10612,1,180000,26010042,1,0,1,15000,860,4,3,1,1,1,1,100,1;2;3;4;6,3,2,17000,1300,10000,0,0,0,0,0,0,0,13050,10,0,320,4,物理攻击*<a color='30ff00'>160%+1300</a>点附加伤害,单体攻击,15秒,伤害系数提高<a color='30ff00'>10%</a>
10612,怒之烈火剑法,106,1,将火焰精灵赋予武器上方，对单个目标造成巨额伤害,1,12,1,10613,1,270000,0,1,0,1,15000,860,4,3,1,1,1,1,100,1;2;3;4;6,3,2,17500,1600,10000,0,0,0,0,0,0,0,13050,10,0,320,4,物理攻击*<a color='30ff00'>161%+1600</a>点附加伤害,单体攻击,15秒,伤害系数提高<a color='30ff00'>14%</a>
10613,怒之烈火剑法,106,1,将火焰精灵赋予武器上方，对单个目标造成巨额伤害,1,13,1,0,1,0,0,1,0,1,15000,860,4,3,1,1,1,1,100,1;2;3;4;6,3,2,18000,1900,10000,0,0,0,0,0,0,0,13050,10,0,320,4,物理攻击*<a color='30ff00'>162%+1900</a>点附加伤害,单体攻击,15秒,伤害系数提高<a color='30ff00'>18%</a>
10901,逐日剑法,109,1,将火焰精灵赋予武器上方，对直线上4个目标造成巨额伤害,1,1,1,10902,1,2000,26010051,1,0,1,20000,860,4,3,2,1,4,4,100,1;2;3;4;6,3,2,12000,60,10000,0,0,0,0,0,0,0,11060,10,0,320,5,物理攻击*<a color='30ff00'>120%+60</a>点附加伤害,正前方4格,20秒,无
10902,逐日剑法,109,1,将火焰精灵赋予武器上方，对直线上4个目标造成巨额伤害,1,2,1,10903,1,9000,0,1,0,1,20000,860,4,3,2,1,4,4,100,1;2;3;4;6,3,2,12200,120,10000,0,0,0,0,0,0,0,11060,10,0,320,5,物理攻击*<a color='30ff00'>122%+120</a>点附加伤害,正前方4格,20秒,无
10903,逐日剑法,109,1,将火焰精灵赋予武器上方，对直线上4个目标造成巨额伤害,1,3,1,10904,1,18000,0,1,0,1,20000,860,4,3,2,1,4,4,100,1;2;3;4;6,3,2,12400,180,10000,0,0,0,0,0,0,0,11060,10,0,320,5,物理攻击*<a color='30ff00'>124%+180</a>点附加伤害,正前方4格,20秒,无
10904,逐日剑法,109,1,将火焰精灵赋予武器上方，对直线上4个目标造成巨额伤害,1,4,1,10905,1,18000,0,1,0,1,20000,860,4,3,2,1,4,4,100,1;2;3;4;6,3,2,12600,240,10000,0,0,0,0,0,0,0,11060,10,0,320,5,物理攻击*<a color='30ff00'>126%+240</a>点附加伤害,正前方4格,20秒,无
10905,逐日剑法,109,1,将火焰精灵赋予武器上方，对直线上4个目标造成巨额伤害,1,5,1,10906,1,27000,0,1,0,1,20000,860,4,3,2,1,4,4,100,1;2;3;4;6,3,2,12800,300,10000,0,0,0,0,0,0,0,11060,10,0,320,5,物理攻击*<a color='30ff00'>128%+300</a>点附加伤害,正前方4格,20秒,无
10906,逐日剑法,109,1,将火焰精灵赋予武器上方，对直线上4个目标造成巨额伤害,1,6,1,10907,1,40000,0,1,0,1,20000,860,4,3,2,1,4,4,100,1;2;3;4;6,3,2,13000,360,10000,0,0,0,0,0,0,0,11060,10,0,320,5,物理攻击*<a color='30ff00'>130%+360</a>点附加伤害,正前方4格,20秒,无
10907,逐日剑法,109,1,将火焰精灵赋予武器上方，对直线上4个目标造成巨额伤害,1,7,1,10908,1,40000,0,1,0,1,20000,860,4,3,2,1,4,4,100,1;2;3;4;6,3,2,13200,420,10000,0,0,0,0,0,0,0,11060,10,0,320,5,物理攻击*<a color='30ff00'>132%+420</a>点附加伤害,正前方4格,20秒,无
10908,逐日剑法,109,1,将火焰精灵赋予武器上方，对直线上4个目标造成巨额伤害,1,8,1,10909,1,57000,0,1,0,1,20000,860,4,3,2,1,4,4,100,1;2;3;4;6,3,2,13400,480,10000,0,0,0,0,0,0,0,11060,10,0,320,5,物理攻击*<a color='30ff00'>134%+480</a>点附加伤害,正前方4格,20秒,无
10909,逐日剑法,109,1,将火焰精灵赋予武器上方，对直线上4个目标造成巨额伤害,1,9,1,10910,1,57000,0,1,0,1,20000,860,4,3,2,1,4,4,100,1;2;3;4;6,3,2,13600,540,10000,0,0,0,0,0,0,0,11060,10,0,320,5,物理攻击*<a color='30ff00'>136%+540</a>点附加伤害,正前方4格,20秒,无
10910,逐日剑法,109,1,将火焰精灵赋予武器上方，对直线上5个目标造成巨额伤害,1,10,1,10911,1,57000,0,1,0,1,20000,860,4,3,2,1,4,4,100,1;2;3;4;6,3,2,13800,600,10000,0,0,0,0,0,0,0,11060,10,0,320,5,物理攻击*<a color='30ff00'>138%+600</a>点附加伤害,正前方4格,20秒,无
10911,怒之逐日剑法,109,1,将火焰精灵赋予武器上方，对直线上5个目标造成巨额伤害,1,11,1,10912,1,180000,26010052,1,0,1,20000,860,4,3,2,1,4,4,100,1;2;3;4;6,3,2,15000,1000,10000,0,0,0,0,0,0,0,13060,10,0,320,5,物理攻击*<a color='30ff00'>140%+1000</a>点附加伤害,正前方4格,20秒,伤害系数提高<a color='30ff00'>10%</a>
10912,怒之逐日剑法,109,1,将火焰精灵赋予武器上方，对直线上5个目标造成巨额伤害,1,12,1,10913,1,270000,0,1,0,1,20000,860,4,3,2,1,4,4,100,1;2;3;4;6,3,2,15600,1300,10000,0,0,0,0,0,0,0,13060,10,0,320,5,物理攻击*<a color='30ff00'>142%+1300</a>点附加伤害,正前方4格,20秒,伤害系数提高<a color='30ff00'>14%</a>
10913,怒之逐日剑法,109,1,将火焰精灵赋予武器上方，对直线上5个目标造成巨额伤害,1,13,1,0,1,0,0,1,0,1,20000,860,4,3,2,1,4,4,100,1;2;3;4;6,3,2,16200,1600,10000,0,0,0,0,0,0,0,13060,10,0,320,5,物理攻击*<a color='30ff00'>144%+1600</a>点附加伤害,正前方4格,20秒,伤害系数提高<a color='30ff00'>18%</a>
40501,雷电术,405,1,凝聚自身强大魔法力召唤一道雷电，对单个目标造成大量伤害,2,1,1,40502,1,2000,26020001,2,0,1,1200,1200,1,1,1,0,8,1,100,1;2;3;4;6,3,2,11000,42,10000,0,0,0,0,0,0,0,21330,18,0,720,1,法术攻击*<a color='30ff00'>110%+42</a>点附加伤害,单体攻击,1秒,无
40502,雷电术,405,1,凝聚自身强大魔法力召唤一道雷电，对单个目标造成大量伤害,2,2,1,40503,1,9000,0,2,0,1,1200,1200,1,1,1,0,8,1,100,1;2;3;4;6,3,2,11100,84,10000,0,0,0,0,0,0,0,21330,18,0,720,1,法术攻击*<a color='30ff00'>111%+84</a>点附加伤害,单体攻击,1秒,无
40503,雷电术,405,1,凝聚自身强大魔法力召唤一道雷电，对单个目标造成大量伤害,2,3,1,40504,1,18000,0,2,0,1,1200,1200,1,1,1,0,8,1,100,1;2;3;4;6,3,2,11200,126,10000,0,0,0,0,0,0,0,21330,18,0,720,1,法术攻击*<a color='30ff00'>112%+126</a>点附加伤害,单体攻击,1秒,无
40504,雷电术,405,1,凝聚自身强大魔法力召唤一道雷电，对单个目标造成大量伤害,2,4,1,40505,1,18000,0,2,0,1,1200,1200,1,1,1,0,8,1,100,1;2;3;4;6,3,2,11300,168,10000,0,0,0,0,0,0,0,21330,18,0,720,1,法术攻击*<a color='30ff00'>113%+168</a>点附加伤害,单体攻击,1秒,无
40505,雷电术,405,1,凝聚自身强大魔法力召唤一道雷电，对单个目标造成大量伤害,2,5,1,40506,1,27000,0,2,0,1,1200,1200,1,1,1,0,8,1,100,1;2;3;4;6,3,2,11400,210,10000,0,0,0,0,0,0,0,21330,18,0,720,1,法术攻击*<a color='30ff00'>114%+210</a>点附加伤害,单体攻击,1秒,无
40506,雷电术,405,1,凝聚自身强大魔法力召唤一道雷电，对单个目标造成大量伤害,2,6,1,40507,1,40000,0,2,0,1,1200,1200,1,1,1,0,8,1,100,1;2;3;4;6,3,2,11500,252,10000,0,0,0,0,0,0,0,21330,18,0,720,1,法术攻击*<a color='30ff00'>115%+252</a>点附加伤害,单体攻击,1秒,无
40507,雷电术,405,1,凝聚自身强大魔法力召唤一道雷电，对单个目标造成大量伤害,2,7,1,40508,1,40000,0,2,0,1,1200,1200,1,1,1,0,8,1,100,1;2;3;4;6,3,2,11600,294,10000,0,0,0,0,0,0,0,21330,18,0,720,1,法术攻击*<a color='30ff00'>116%+294</a>点附加伤害,单体攻击,1秒,无
40508,雷电术,405,1,凝聚自身强大魔法力召唤一道雷电，对单个目标造成大量伤害,2,8,1,40509,1,57000,0,2,0,1,1200,1200,1,1,1,0,8,1,100,1;2;3;4;6,3,2,11700,336,10000,0,0,0,0,0,0,0,21330,18,0,720,1,法术攻击*<a color='30ff00'>117%+336</a>点附加伤害,单体攻击,1秒,无
40509,雷电术,405,1,凝聚自身强大魔法力召唤一道雷电，对单个目标造成大量伤害,2,9,1,40510,1,57000,0,2,0,1,1200,1200,1,1,1,0,8,1,100,1;2;3;4;6,3,2,11800,378,10000,0,0,0,0,0,0,0,21330,18,0,720,1,法术攻击*<a color='30ff00'>118%+378</a>点附加伤害,单体攻击,1秒,无
40510,雷电术,405,1,凝聚自身强大魔法力召唤一道雷电，对单个目标造成大量伤害,2,10,1,40511,1,57000,0,2,0,1,1200,1200,1,1,1,0,8,1,100,1;2;3;4;6,3,2,11900,420,10000,0,0,0,0,0,0,0,21330,18,0,720,1,法术攻击*<a color='30ff00'>119%+420</a>点附加伤害,单体攻击,1秒,无
40511,怒之雷电术,405,1,凝聚自身强大魔法力召唤一道雷电，对单个目标造成大量伤害,2,11,1,40512,1,180000,26020002,2,0,1,1200,1200,1,1,1,0,8,1,100,1;2;3;4;6,3,2,12200,700,10000,0,0,0,0,0,0,0,23330,18,0,720,1,法术攻击*<a color='30ff00'>122%+462</a>点附加伤害,单体攻击,1秒,额外造成<a color='30ff00'>238</a>点伤害
40512,怒之雷电术,405,1,凝聚自身强大魔法力召唤一道雷电，对单个目标造成大量伤害,2,12,1,40513,1,270000,0,2,0,1,1200,1200,1,1,1,0,8,1,100,1;2;3;4;6,3,2,12600,900,10000,0,0,0,0,0,0,0,23330,18,0,720,1,法术攻击*<a color='30ff00'>126%+504</a>点附加伤害,单体攻击,1秒,额外造成<a color='30ff00'>396</a>点伤害
40513,怒之雷电术,405,1,凝聚自身强大魔法力召唤一道雷电，对单个目标造成大量伤害,2,13,1,0,1,0,0,2,0,1,1200,1200,1,1,1,0,8,1,100,1;2;3;4;6,3,2,13000,1100,10000,0,0,0,0,0,0,0,23330,18,0,720,1,法术攻击*<a color='30ff00'>130%+546</a>点附加伤害,单体攻击,1秒,额外造成<a color='30ff00'>454</a>点伤害
41201,魔法盾,412,1,魔法形成的神盾，能够抵抗大量伤害,2,1,1,41202,1,2000,26020011,2,0,1,1200,1200,1,1,0,0,0,0,1,1,1,0,3000,0,0,30001,0,0,0,0,0,60000,21350,21,0,720,2,无,自身,1秒,抵消<a color='30ff00'>30%</a>受到的伤害
41202,魔法盾,412,1,魔法形成的神盾，能够抵抗大量伤害,2,2,1,41203,1,9000,0,2,0,1,1200,1200,1,1,0,0,0,0,1,1,1,0,3100,0,0,30002,0,0,0,0,0,60000,21350,21,0,720,2,无,自身,1秒,抵消<a color='30ff00'>31%</a>受到的伤害
41203,魔法盾,412,1,魔法形成的神盾，能够抵抗大量伤害,2,3,1,41204,1,18000,0,2,0,1,1200,1200,1,1,0,0,0,0,1,1,1,0,3200,0,0,30003,0,0,0,0,0,60000,21350,21,0,720,2,无,自身,1秒,抵消<a color='30ff00'>32%</a>受到的伤害
41204,魔法盾,412,1,魔法形成的神盾，能够抵抗大量伤害,2,4,1,41205,1,18000,0,2,0,1,1200,1200,1,1,0,0,0,0,1,1,1,0,3300,0,0,30004,0,0,0,0,0,60000,21350,21,0,720,2,无,自身,1秒,抵消<a color='30ff00'>33%</a>受到的伤害
41205,魔法盾,412,1,魔法形成的神盾，能够抵抗大量伤害,2,5,1,41206,1,27000,0,2,0,1,1200,1200,1,1,0,0,0,0,1,1,1,0,3400,0,0,30005,0,0,0,0,0,60000,21350,21,0,720,2,无,自身,1秒,抵消<a color='30ff00'>34%</a>受到的伤害
41206,魔法盾,412,1,魔法形成的神盾，能够抵抗大量伤害,2,6,1,41207,1,40000,0,2,0,1,1200,1200,1,1,0,0,0,0,1,1,1,0,3500,0,0,30006,0,0,0,0,0,60000,21350,21,0,720,2,无,自身,1秒,抵消<a color='30ff00'>35%</a>受到的伤害
41207,魔法盾,412,1,魔法形成的神盾，能够抵抗大量伤害,2,7,1,41208,1,40000,0,2,0,1,1200,1200,1,1,0,0,0,0,1,1,1,0,3600,0,0,30007,0,0,0,0,0,60000,21350,21,0,720,2,无,自身,1秒,抵消<a color='30ff00'>36%</a>受到的伤害
41208,魔法盾,412,1,魔法形成的神盾，能够抵抗大量伤害,2,8,1,41209,1,57000,0,2,0,1,1200,1200,1,1,0,0,0,0,1,1,1,0,3700,0,0,30008,0,0,0,0,0,60000,21350,21,0,720,2,无,自身,1秒,抵消<a color='30ff00'>37%</a>受到的伤害
41209,魔法盾,412,1,魔法形成的神盾，能够抵抗大量伤害,2,9,1,41210,1,57000,0,2,0,1,1200,1200,1,1,0,0,0,0,1,1,1,0,3800,0,0,30009,0,0,0,0,0,60000,21350,21,0,720,2,无,自身,1秒,抵消<a color='30ff00'>38%</a>受到的伤害
41210,魔法盾,412,1,魔法形成的神盾，能够抵抗大量伤害,2,10,1,41211,1,57000,0,2,0,1,1200,1200,1,1,0,0,0,0,1,1,1,0,3900,0,0,30010,0,0,0,0,0,60000,21350,21,0,720,2,无,自身,1秒,抵消<a color='30ff00'>39%</a>受到的伤害
41211,怒之魔法盾,412,1,魔法形成的神盾，能够抵抗大量伤害,2,11,1,41212,1,180000,26020012,2,0,1,1200,1200,1,1,0,0,0,0,1,1,1,0,4100,0,0,30010,0,0,0,0,0,60000,23350,21,0,720,2,无,自身,1秒,抵消<a color='30ff00'>41%</a>受到的伤害
41212,怒之魔法盾,412,1,魔法形成的神盾，能够抵抗大量伤害,2,12,1,41213,1,270000,0,2,0,1,1200,1200,1,1,0,0,0,0,1,1,1,0,4300,0,0,30010,0,0,0,0,0,60000,23350,21,0,720,2,无,自身,1秒,抵消<a color='30ff00'>43%</a>受到的伤害
41213,怒之魔法盾,412,1,魔法形成的神盾，能够抵抗大量伤害,2,13,1,0,1,0,0,2,0,1,1200,1200,1,1,0,0,0,0,1,1,1,0,4500,0,0,30010,0,0,0,0,0,60000,23350,21,0,720,2,无,自身,1秒,抵消<a color='30ff00'>45%</a>受到的伤害
41101,地狱雷光,411,1,以自身为中心释放雷电,2,1,1,41102,1,2000,26020021,2,0,1,1200,1200,1,2,3,1,1,1,100,1;2;3;4;6,3,2,8000,35,10000,0,0,0,0,0,0,0,21360,21,0,720,3,法术攻击*<a color='30ff00'>80%+35</a>点附加伤害,以角色为中心3*3范围,1秒,无
41102,地狱雷光,411,1,以自身为中心释放雷电,2,2,1,41103,1,9000,0,2,0,1,1200,1200,1,2,3,1,1,1,100,1;2;3;4;6,3,2,8100,70,10000,0,0,0,0,0,0,0,21360,21,0,720,3,法术攻击*<a color='30ff00'>81%+70</a>点附加伤害,以角色为中心3*3范围,1秒,无
41103,地狱雷光,411,1,以自身为中心释放雷电,2,3,1,41104,1,18000,0,2,0,1,1200,1200,1,2,3,1,1,1,100,1;2;3;4;6,3,2,8200,105,10000,0,0,0,0,0,0,0,21360,21,0,720,3,法术攻击*<a color='30ff00'>82%+105</a>点附加伤害,以角色为中心3*3范围,1秒,无
41104,地狱雷光,411,1,以自身为中心释放雷电,2,4,1,41105,1,18000,0,2,0,1,1200,1200,1,2,3,1,1,1,100,1;2;3;4;6,3,2,8300,140,10000,0,0,0,0,0,0,0,21360,21,0,720,3,法术攻击*<a color='30ff00'>83%+140</a>点附加伤害,以角色为中心3*3范围,1秒,无
41105,地狱雷光,411,1,以自身为中心释放雷电,2,5,1,41106,1,27000,0,2,0,1,1200,1200,1,2,3,1,1,1,100,1;2;3;4;6,3,2,8400,175,10000,0,0,0,0,0,0,0,21360,21,0,720,3,法术攻击*<a color='30ff00'>84%+175</a>点附加伤害,以角色为中心3*3范围,1秒,无
41106,地狱雷光,411,1,以自身为中心释放雷电,2,6,1,41107,1,40000,0,2,0,1,1200,1200,1,2,3,1,1,1,100,1;2;3;4;6,3,2,8500,210,10000,0,0,0,0,0,0,0,21360,21,0,720,3,法术攻击*<a color='30ff00'>85%+210</a>点附加伤害,以角色为中心3*3范围,1秒,无
41107,地狱雷光,411,1,以自身为中心释放雷电,2,7,1,41108,1,40000,0,2,0,1,1200,1200,1,2,3,1,1,1,100,1;2;3;4;6,3,2,8600,245,10000,0,0,0,0,0,0,0,21360,21,0,720,3,法术攻击*<a color='30ff00'>86%+245</a>点附加伤害,以角色为中心3*3范围,1秒,无
41108,地狱雷光,411,1,以自身为中心释放雷电,2,8,1,41109,1,57000,0,2,0,1,1200,1200,1,2,3,1,1,1,100,1;2;3;4;6,3,2,8700,280,10000,0,0,0,0,0,0,0,21360,21,0,720,3,法术攻击*<a color='30ff00'>87%+280</a>点附加伤害,以角色为中心3*3范围,1秒,无
41109,地狱雷光,411,1,以自身为中心释放雷电,2,9,1,41110,1,57000,0,2,0,1,1200,1200,1,2,3,1,1,1,100,1;2;3;4;6,3,2,8800,315,10000,0,0,0,0,0,0,0,21360,21,0,720,3,法术攻击*<a color='30ff00'>88%+315</a>点附加伤害,以角色为中心3*3范围,1秒,无
41110,地狱雷光,411,1,以自身为中心释放雷电,2,10,1,41111,1,57000,0,2,0,1,1200,1200,1,2,3,1,1,1,100,1;2;3;4;6,3,2,8900,350,10000,0,0,0,0,0,0,0,21360,21,0,720,3,法术攻击*<a color='30ff00'>89%+350</a>点附加伤害,以角色为中心3*3范围,1秒,无
41111,怒之地狱雷光,411,1,以自身为中心释放雷电,2,11,1,41112,1,180000,26020022,2,0,1,1200,1200,1,2,3,1,1,1,100,1;2;3;4;6,3,2,9100,420,10000,0,0,0,0,0,0,0,21360,21,0,720,3,法术攻击*<a color='30ff00'>91%+385</a>点附加伤害,以角色为中心3*3范围,1秒,额外造成<a color='30ff00'>35</a>点伤害
41112,怒之地狱雷光,411,1,以自身为中心释放雷电,2,12,1,41113,1,270000,0,2,0,1,1200,1200,1,2,3,1,1,1,100,1;2;3;4;6,3,2,9300,490,10000,0,0,0,0,0,0,0,21360,21,0,720,3,法术攻击*<a color='30ff00'>93%+420</a>点附加伤害,以角色为中心3*3范围,1秒,额外造成<a color='30ff00'>70</a>点伤害
41113,怒之地狱雷光,411,1,以自身为中心释放雷电,2,13,1,0,1,0,0,2,0,1,1200,1200,1,2,3,1,1,1,100,1;2;3;4;6,3,2,9500,560,10000,0,0,0,0,0,0,0,21360,21,0,720,3,法术攻击*<a color='30ff00'>95%+455</a>点附加伤害,以角色为中心3*3范围,1秒,额外造成<a color='30ff00'>105</a>点伤害
40901,火墙,409,1,凝聚自身强大魔法力召唤地狱之火，对踩在上方的敌人造成持续性伤害,2,1,1,40902,1,2000,26020031,2,0,1,1200,1200,1,2,1,0,8,5,100,1;2;3;4;6,3,2,2000,24,5000,0,0,0,0,0,0,30000,21340,21,0,720,4,法术攻击*<a color='30ff00'>20%+24</a>点附加伤害,目标坐标2*2范围,1秒,站在火墙上会造成持续伤害
40902,火墙,409,1,凝聚自身强大魔法力召唤地狱之火，对踩在上方的敌人造成持续性伤害,2,2,1,40903,1,9000,0,2,0,1,1200,1200,1,2,1,0,8,5,100,1;2;3;4;6,3,2,2100,48,5000,0,0,0,0,0,0,30000,21340,21,0,720,4,法术攻击*<a color='30ff00'>21%+48</a>点附加伤害,目标坐标2*2范围,1秒,站在火墙上会造成持续伤害
40903,火墙,409,1,凝聚自身强大魔法力召唤地狱之火，对踩在上方的敌人造成持续性伤害,2,3,1,40904,1,18000,0,2,0,1,1200,1200,1,2,1,0,8,5,100,1;2;3;4;6,3,2,2200,72,5000,0,0,0,0,0,0,30000,21340,21,0,720,4,法术攻击*<a color='30ff00'>22%+72</a>点附加伤害,目标坐标2*2范围,1秒,站在火墙上会造成持续伤害
40904,火墙,409,1,凝聚自身强大魔法力召唤地狱之火，对踩在上方的敌人造成持续性伤害,2,4,1,40905,1,18000,0,2,0,1,1200,1200,1,2,1,0,8,5,100,1;2;3;4;6,3,2,2300,96,5000,0,0,0,0,0,0,30000,21340,21,0,720,4,法术攻击*<a color='30ff00'>23%+96</a>点附加伤害,目标坐标2*2范围,1秒,站在火墙上会造成持续伤害
40905,火墙,409,1,凝聚自身强大魔法力召唤地狱之火，对踩在上方的敌人造成持续性伤害,2,5,1,40906,1,27000,0,2,0,1,1200,1200,1,2,1,0,8,5,100,1;2;3;4;6,3,2,2400,120,5000,0,0,0,0,0,0,30000,21340,21,0,720,4,法术攻击*<a color='30ff00'>24%+120</a>点附加伤害,目标坐标2*2范围,1秒,站在火墙上会造成持续伤害
40906,火墙,409,1,凝聚自身强大魔法力召唤地狱之火，对踩在上方的敌人造成持续性伤害,2,6,1,40907,1,40000,0,2,0,1,1200,1200,1,2,1,0,8,5,100,1;2;3;4;6,3,2,2500,144,5000,0,0,0,0,0,0,30000,21340,21,0,720,4,法术攻击*<a color='30ff00'>25%+144</a>点附加伤害,目标坐标2*2范围,1秒,站在火墙上会造成持续伤害
40907,火墙,409,1,凝聚自身强大魔法力召唤地狱之火，对踩在上方的敌人造成持续性伤害,2,7,1,40908,1,40000,0,2,0,1,1200,1200,1,2,1,0,8,5,100,1;2;3;4;6,3,2,2600,168,5000,0,0,0,0,0,0,30000,21340,21,0,720,4,法术攻击*<a color='30ff00'>26%+168</a>点附加伤害,目标坐标2*2范围,1秒,站在火墙上会造成持续伤害
40908,火墙,409,1,凝聚自身强大魔法力召唤地狱之火，对踩在上方的敌人造成持续性伤害,2,8,1,40909,1,57000,0,2,0,1,1200,1200,1,2,1,0,8,5,100,1;2;3;4;6,3,2,2700,192,5000,0,0,0,0,0,0,30000,21340,21,0,720,4,法术攻击*<a color='30ff00'>27%+192</a>点附加伤害,目标坐标2*2范围,1秒,站在火墙上会造成持续伤害
40909,火墙,409,1,凝聚自身强大魔法力召唤地狱之火，对踩在上方的敌人造成持续性伤害,2,9,1,40910,1,57000,0,2,0,1,1200,1200,1,2,1,0,8,5,100,1;2;3;4;6,3,2,2800,216,5000,0,0,0,0,0,0,30000,21340,21,0,720,4,法术攻击*<a color='30ff00'>28%+216</a>点附加伤害,目标坐标2*2范围,1秒,站在火墙上会造成持续伤害
40910,火墙,409,1,凝聚自身强大魔法力召唤地狱之火，对踩在上方的敌人造成持续性伤害,2,10,1,40911,1,57000,0,2,0,1,1200,1200,1,2,1,0,8,5,100,1;2;3;4;6,3,2,2900,240,5000,0,0,0,0,0,0,30000,21340,21,0,720,4,法术攻击*<a color='30ff00'>29%+240</a>点附加伤害,目标坐标2*2范围,1秒,站在火墙上会造成持续伤害
40911,怒之火墙,409,1,凝聚自身强大魔法力召唤地狱之火，对踩在上方的敌人造成持续性伤害,2,11,1,40912,1,180000,26020032,2,0,1,1200,1200,1,2,1,0,8,5,100,1;2;3;4;6,3,2,3100,480,5000,0,0,0,0,0,0,30000,23340,21,0,720,4,法术攻击*<a color='30ff00'>31%+264</a>点附加伤害,目标坐标2*2范围,1秒,站在火墙上会造成持续伤害，额外造成<a color='30ff00'>216</a>点伤害
40912,怒之火墙,409,1,凝聚自身强大魔法力召唤地狱之火，对踩在上方的敌人造成持续性伤害,2,12,1,40913,1,270000,0,2,0,1,1200,1200,1,2,1,0,8,5,100,1;2;3;4;6,3,2,3300,600,5000,0,0,0,0,0,0,30000,23340,21,0,720,4,法术攻击*<a color='30ff00'>33%+288</a>点附加伤害,目标坐标2*2范围,1秒,站在火墙上会造成持续伤害，额外造成<a color='30ff00'>312</a>点伤害
40913,怒之火墙,409,1,凝聚自身强大魔法力召唤地狱之火，对踩在上方的敌人造成持续性伤害,2,13,1,0,1,0,0,2,0,1,1200,1200,1,2,1,0,8,5,100,1;2;3;4;6,3,2,3500,720,5000,0,0,0,0,0,0,30000,23340,21,0,720,4,法术攻击*<a color='30ff00'>35%+312</a>点附加伤害,目标坐标2*2范围,1秒,站在火墙上会造成持续伤害，额外造成<a color='30ff00'>408</a>点伤害
40201,抗拒火环,402,1,凝聚自身强大魔法力，将身边等级低于自己的所有敌方推开一段距离,2,1,1,40202,1,2000,26020041,2,0,1,1200,1200,1,1,0,0,0,0,100,1,3,1,0,0,0,0,0,0,0,0,0,2,21320,21,0,720,5,无,以角色为中心3*3范围,1秒,将低等级目标推开一定距离
40202,抗拒火环,402,1,凝聚自身强大魔法力，将身边等级低于自己的所有敌方推开一段距离,2,2,1,40203,1,9000,0,2,0,1,1200,1200,1,1,0,0,0,0,100,1,3,1,0,0,0,0,0,0,0,0,0,3,21320,21,0,720,5,无,以角色为中心3*3范围,1秒,将低等级目标推开一定距离
40203,抗拒火环,402,1,凝聚自身强大魔法力，将身边等级低于自己的所有敌方推开一段距离,2,3,1,40204,1,18000,0,2,0,1,1200,1200,1,1,0,0,0,0,100,1,3,1,0,0,0,0,0,0,0,0,0,4,21320,21,0,720,5,无,以角色为中心3*3范围,1秒,将低等级目标推开一定距离
40204,抗拒火环,402,1,凝聚自身强大魔法力，将身边等级低于自己的所有敌方推开一段距离,2,4,1,40205,1,18000,0,2,0,1,1200,1200,1,1,0,0,0,0,100,1,3,1,0,0,0,0,0,0,0,0,0,4,21320,21,0,720,5,无,以角色为中心3*3范围,1秒,将低等级目标推开一定距离
40205,抗拒火环,402,1,凝聚自身强大魔法力，将身边等级低于自己的所有敌方推开一段距离,2,5,1,40206,1,27000,0,2,0,1,1200,1200,1,1,0,0,0,0,100,1,3,1,0,0,0,0,0,0,0,0,0,4,21320,21,0,720,5,无,以角色为中心3*3范围,1秒,将低等级目标推开一定距离
40206,抗拒火环,402,1,凝聚自身强大魔法力，将身边等级低于自己的所有敌方推开一段距离,2,6,1,40207,1,40000,0,2,0,1,1200,1200,1,1,0,0,0,0,100,1,3,1,0,0,0,0,0,0,0,0,0,4,21320,21,0,720,5,无,以角色为中心3*3范围,1秒,将低等级目标推开一定距离
40207,抗拒火环,402,1,凝聚自身强大魔法力，将身边等级低于自己的所有敌方推开一段距离,2,7,1,40208,1,40000,0,2,0,1,1200,1200,1,1,0,0,0,0,100,1,3,1,0,0,0,0,0,0,0,0,0,4,21320,21,0,720,5,无,以角色为中心3*3范围,1秒,将低等级目标推开一定距离
40208,抗拒火环,402,1,凝聚自身强大魔法力，将身边等级低于自己的所有敌方推开一段距离,2,8,1,40209,1,57000,0,2,0,1,1200,1200,1,1,0,0,0,0,100,1,3,1,0,0,0,0,0,0,0,0,0,4,21320,21,0,720,5,无,以角色为中心3*3范围,1秒,将低等级目标推开一定距离
40209,抗拒火环,402,1,凝聚自身强大魔法力，将身边等级低于自己的所有敌方推开一段距离,2,9,1,40210,1,57000,0,2,0,1,1200,1200,1,1,0,0,0,0,100,1,3,1,0,0,0,0,0,0,0,0,0,4,21320,21,0,720,5,无,以角色为中心3*3范围,1秒,将低等级目标推开一定距离
40210,抗拒火环,402,1,凝聚自身强大魔法力，将身边等级低于自己的所有敌方推开一段距离,2,10,1,40211,1,57000,0,2,0,1,1200,1200,1,1,0,0,0,0,100,1,3,1,0,0,0,0,0,0,0,0,0,4,21320,21,0,720,5,无,以角色为中心3*3范围,1秒,将低等级目标推开一定距离
40211,怒之抗拒火环,402,1,凝聚自身强大魔法力，将身边等级低于自己的所有敌方推开一段距离,2,11,1,40212,1,180000,26020042,2,0,1,1200,1200,1,1,0,0,0,0,100,1,3,1,0,0,0,0,0,0,0,0,0,4,21320,21,0,720,5,无,以角色为中心3*3范围,1秒,将低等级目标推开一定距离
40212,怒之抗拒火环,402,1,凝聚自身强大魔法力，将身边等级低于自己的所有敌方推开一段距离,2,12,1,40213,1,270000,0,2,0,1,1200,1200,1,1,0,0,0,0,100,1,3,1,0,0,0,0,0,0,0,0,0,4,21320,21,0,720,5,无,以角色为中心3*3范围,1秒,将低等级目标推开一定距离
40213,怒之抗拒火环,402,1,凝聚自身强大魔法力，将身边等级低于自己的所有敌方推开一段距离,2,13,1,0,1,0,0,2,0,1,1200,1200,1,1,0,0,0,0,100,1,3,1,0,0,0,0,0,0,0,0,0,4,21320,21,0,720,5,无,以角色为中心3*3范围,1秒,将低等级目标推开一定距离
41401,冰咆哮,414,1,凝聚自身强大魔法力召唤冰雪风暴，对3*3范围内敌方造成大量伤害,2,1,1,41402,1,2000,26020051,2,0,1,1200,1200,1,2,3,0,8,1,100,1;2;3;4;6,3,2,10000,24,10000,0,0,0,0,0,0,0,21370,17,0,720,6,法术攻击*<a color='30ff00'>100%+24</a>点附加伤害,目标坐标3*3范围,1秒,无
41402,冰咆哮,414,1,凝聚自身强大魔法力召唤冰雪风暴，对3*3范围内敌方造成大量伤害,2,2,1,41403,1,9000,0,2,0,1,1200,1200,1,2,3,0,8,1,100,1;2;3;4;6,3,2,10100,48,10000,0,0,0,0,0,0,0,21370,17,0,720,6,法术攻击*<a color='30ff00'>101%+48</a>点附加伤害,目标坐标3*3范围,1秒,无
41403,冰咆哮,414,1,凝聚自身强大魔法力召唤冰雪风暴，对3*3范围内敌方造成大量伤害,2,3,1,41404,1,18000,0,2,0,1,1200,1200,1,2,3,0,8,1,100,1;2;3;4;6,3,2,10200,72,10000,0,0,0,0,0,0,0,21370,17,0,720,6,法术攻击*<a color='30ff00'>102%+72</a>点附加伤害,目标坐标3*3范围,1秒,无
41404,冰咆哮,414,1,凝聚自身强大魔法力召唤冰雪风暴，对3*3范围内敌方造成大量伤害,2,4,1,41405,1,18000,0,2,0,1,1200,1200,1,2,3,0,8,1,100,1;2;3;4;6,3,2,10300,96,10000,0,0,0,0,0,0,0,21370,17,0,720,6,法术攻击*<a color='30ff00'>103%+96</a>点附加伤害,目标坐标3*3范围,1秒,无
41405,冰咆哮,414,1,凝聚自身强大魔法力召唤冰雪风暴，对3*3范围内敌方造成大量伤害,2,5,1,41406,1,27000,0,2,0,1,1200,1200,1,2,3,0,8,1,100,1;2;3;4;6,3,2,10400,120,10000,0,0,0,0,0,0,0,21370,17,0,720,6,法术攻击*<a color='30ff00'>104%+120</a>点附加伤害,目标坐标3*3范围,1秒,无
41406,冰咆哮,414,1,凝聚自身强大魔法力召唤冰雪风暴，对3*3范围内敌方造成大量伤害,2,6,1,41407,1,40000,0,2,0,1,1200,1200,1,2,3,0,8,1,100,1;2;3;4;6,3,2,10500,144,10000,0,0,0,0,0,0,0,21370,17,0,720,6,法术攻击*<a color='30ff00'>105%+144</a>点附加伤害,目标坐标3*3范围,1秒,无
41407,冰咆哮,414,1,凝聚自身强大魔法力召唤冰雪风暴，对3*3范围内敌方造成大量伤害,2,7,1,41408,1,40000,0,2,0,1,1200,1200,1,2,3,0,8,1,100,1;2;3;4;6,3,2,10600,168,10000,0,0,0,0,0,0,0,21370,17,0,720,6,法术攻击*<a color='30ff00'>106%+168</a>点附加伤害,目标坐标3*3范围,1秒,无
41408,冰咆哮,414,1,凝聚自身强大魔法力召唤冰雪风暴，对3*3范围内敌方造成大量伤害,2,8,1,41409,1,57000,0,2,0,1,1200,1200,1,2,3,0,8,1,100,1;2;3;4;6,3,2,10700,192,10000,0,0,0,0,0,0,0,21370,17,0,720,6,法术攻击*<a color='30ff00'>107%+192</a>点附加伤害,目标坐标3*3范围,1秒,无
41409,冰咆哮,414,1,凝聚自身强大魔法力召唤冰雪风暴，对3*3范围内敌方造成大量伤害,2,9,1,41410,1,57000,0,2,0,1,1200,1200,1,2,3,0,8,1,100,1;2;3;4;6,3,2,10800,216,10000,0,0,0,0,0,0,0,21370,17,0,720,6,法术攻击*<a color='30ff00'>108%+216</a>点附加伤害,目标坐标3*3范围,1秒,无
41410,冰咆哮,414,1,凝聚自身强大魔法力召唤冰雪风暴，对3*4范围内敌方造成大量伤害,2,10,1,41411,1,57000,0,2,0,1,1200,1200,1,2,3,0,8,1,100,1;2;3;4;6,3,2,10900,240,10000,0,0,0,0,0,0,0,21370,17,0,720,6,法术攻击*<a color='30ff00'>109%+240</a>点附加伤害,目标坐标3*3范围,1秒,无
41411,怒之冰咆哮,414,1,凝聚自身强大魔法力召唤冰雪风暴，对3*4范围内敌方造成大量伤害,2,11,1,41412,1,180000,26020052,2,0,1,1200,1200,1,2,3,0,8,1,100,1;2;3;4;6,3,2,11200,600,10000,0,0,0,0,0,0,0,23370,17,0,720,6,法术攻击*<a color='30ff00'>112%+264</a>点附加伤害,目标坐标3*3范围,1秒,额外造成<a color='30ff00'>346</a>点伤害
41412,怒之冰咆哮,414,1,凝聚自身强大魔法力召唤冰雪风暴，对3*4范围内敌方造成大量伤害,2,12,1,41413,1,270000,0,2,0,1,1200,1200,1,2,3,0,8,1,100,1;2;3;4;6,3,2,11600,800,10000,0,0,0,0,0,0,0,23370,17,0,720,6,法术攻击*<a color='30ff00'>116%+288</a>点附加伤害,目标坐标3*3范围,1秒,额外造成<a color='30ff00'>512</a>点伤害
41413,怒之冰咆哮,414,1,凝聚自身强大魔法力召唤冰雪风暴，对3*4范围内敌方造成大量伤害,2,13,1,0,1,0,0,2,0,1,1200,1200,1,2,3,0,8,1,100,1;2;3;4;6,3,2,12000,1000,10000,0,0,0,0,0,0,0,23370,17,0,720,6,法术攻击*<a color='30ff00'>120%+312</a>点附加伤害,目标坐标3*3范围,1秒,额外造成<a color='30ff00'>688</a>点伤害
50401,灵魂火符,504,1,将强大的精神力赋予火符上方，攻击敌人,3,1,1,50402,1,2000,26030001,3,0,1,1200,1200,1,1,1,0,8,1,100,1;2;3;4;6,3,2,8000,24,10000,0,0,0,0,0,0,0,31610,12,0,720,1,道术攻击*<a color='30ff00'>80%+24</a>点附加伤害,单体攻击,1秒,无
50402,灵魂火符,504,1,将强大的精神力赋予火符上方，攻击敌人,3,2,1,50403,1,9000,0,3,0,1,1200,1200,1,1,1,0,8,1,100,1;2;3;4;6,3,2,8100,48,10000,0,0,0,0,0,0,0,31610,12,0,720,1,道术攻击*<a color='30ff00'>81%+48</a>点附加伤害,单体攻击,1秒,无
50403,灵魂火符,504,1,将强大的精神力赋予火符上方，攻击敌人,3,3,1,50404,1,18000,0,3,0,1,1200,1200,1,1,1,0,8,1,100,1;2;3;4;6,3,2,8200,72,10000,0,0,0,0,0,0,0,31610,12,0,720,1,道术攻击*<a color='30ff00'>82%+72</a>点附加伤害,单体攻击,1秒,无
50404,灵魂火符,504,1,将强大的精神力赋予火符上方，攻击敌人,3,4,1,50405,1,18000,0,3,0,1,1200,1200,1,1,1,0,8,1,100,1;2;3;4;6,3,2,8300,96,10000,0,0,0,0,0,0,0,31610,12,0,720,1,道术攻击*<a color='30ff00'>83%+96</a>点附加伤害,单体攻击,1秒,无
50405,灵魂火符,504,1,将强大的精神力赋予火符上方，攻击敌人,3,5,1,50406,1,27000,0,3,0,1,1200,1200,1,1,1,0,8,1,100,1;2;3;4;6,3,2,8400,120,10000,0,0,0,0,0,0,0,31610,12,0,720,1,道术攻击*<a color='30ff00'>84%+120</a>点附加伤害,单体攻击,1秒,无
50406,灵魂火符,504,1,将强大的精神力赋予火符上方，攻击敌人,3,6,1,50407,1,40000,0,3,0,1,1200,1200,1,1,1,0,8,1,100,1;2;3;4;6,3,2,8500,144,10000,0,0,0,0,0,0,0,31610,12,0,720,1,道术攻击*<a color='30ff00'>85%+144</a>点附加伤害,单体攻击,1秒,无
50407,灵魂火符,504,1,将强大的精神力赋予火符上方，攻击敌人,3,7,1,50408,1,40000,0,3,0,1,1200,1200,1,1,1,0,8,1,100,1;2;3;4;6,3,2,8600,168,10000,0,0,0,0,0,0,0,31610,12,0,720,1,道术攻击*<a color='30ff00'>86%+168</a>点附加伤害,单体攻击,1秒,无
50408,灵魂火符,504,1,将强大的精神力赋予火符上方，攻击敌人,3,8,1,50409,1,57000,0,3,0,1,1200,1200,1,1,1,0,8,1,100,1;2;3;4;6,3,2,8700,192,10000,0,0,0,0,0,0,0,31610,12,0,720,1,道术攻击*<a color='30ff00'>87%+192</a>点附加伤害,单体攻击,1秒,无
50409,灵魂火符,504,1,将强大的精神力赋予火符上方，攻击敌人,3,9,1,50410,1,57000,0,3,0,1,1200,1200,1,1,1,0,8,1,100,1;2;3;4;6,3,2,8800,216,10000,0,0,0,0,0,0,0,31610,12,0,720,1,道术攻击*<a color='30ff00'>88%+216</a>点附加伤害,单体攻击,1秒,无
50410,灵魂火符,504,1,将强大的精神力赋予火符上方，攻击敌人,3,10,1,50411,1,57000,0,3,0,1,1200,1200,1,1,1,0,8,1,100,1;2;3;4;6,3,2,8900,240,10000,0,0,0,0,0,0,0,31610,12,0,720,1,道术攻击*<a color='30ff00'>89%+240</a>点附加伤害,单体攻击,1秒,无
50411,怒之灵魂火符,504,1,将强大的精神力赋予火符上方，攻击敌人,3,11,1,50412,1,180000,26030002,3,0,1,1200,1200,1,1,1,0,8,1,100,1;2;3;4;6,3,2,9100,500,10000,0,0,0,0,0,0,0,33610,12,0,720,1,道术攻击*<a color='30ff00'>91%+264</a>点附加伤害,单体攻击,1秒,额外造成<a color='30ff00'>246</a>点伤害
50412,怒之灵魂火符,504,1,将强大的精神力赋予火符上方，攻击敌人,3,12,1,50413,1,270000,0,3,0,1,1200,1200,1,1,1,0,8,1,100,1;2;3;4;6,3,2,9300,600,10000,0,0,0,0,0,0,0,33610,12,0,720,1,道术攻击*<a color='30ff00'>93%+288</a>点附加伤害,单体攻击,1秒,额外造成<a color='30ff00'>312</a>点伤害
50413,怒之灵魂火符,504,1,将强大的精神力赋予火符上方，攻击敌人,3,13,1,0,1,0,0,3,0,1,1200,1200,1,1,1,0,8,1,100,1;2;3;4;6,3,2,9500,700,10000,0,0,0,0,0,0,0,33610,12,0,720,1,道术攻击*<a color='30ff00'>95%+312</a>点附加伤害,单体攻击,1秒,额外造成<a color='30ff00'>388</a>点伤害
51301,召唤神兽,513,1,召唤一只神兽，协助战斗，消灭怪物自身可升级,3,1,1,51302,1,2000,26030011,3,0,1,1200,1200,1,0,0,0,0,0,1,1,1,1,0,3,0,0,0,0,0,0,0,302001,31620,21,0,720,2,无,无,1秒,召唤一只神兽跟随自己战斗
51302,召唤神兽,513,1,召唤一只神兽，协助战斗，消灭怪物自身可升级,3,2,1,51303,1,9000,0,3,0,1,1200,1200,1,0,0,0,0,0,1,1,1,1,0,4,0,0,0,0,0,0,0,302001,31620,21,0,720,2,无,无,1秒,召唤一只神兽跟随自己战斗
51303,召唤神兽,513,1,召唤一只神兽，协助战斗，消灭怪物自身可升级,3,3,1,51304,1,18000,0,3,0,1,1200,1200,1,0,0,0,0,0,1,1,1,1,0,5,0,0,0,0,0,0,0,302001,31620,21,0,720,2,无,无,1秒,召唤一只神兽跟随自己战斗
51304,召唤神兽,513,1,召唤一只神兽，协助战斗，消灭怪物自身可升级,3,4,1,51305,1,18000,0,3,0,1,1200,1200,1,0,0,0,0,0,1,1,1,1,0,6,0,0,0,0,0,0,0,302001,31620,21,0,720,2,无,无,1秒,召唤一只神兽跟随自己战斗
51305,召唤神兽,513,1,召唤一只神兽，协助战斗，消灭怪物自身可升级,3,5,1,51306,1,27000,0,3,0,1,1200,1200,1,0,0,0,0,0,1,1,1,1,0,7,0,0,0,0,0,0,0,302001,31620,21,0,720,2,无,无,1秒,召唤一只神兽跟随自己战斗
51306,召唤神兽,513,1,召唤一只神兽，协助战斗，消灭怪物自身可升级,3,6,1,51307,1,40000,0,3,0,1,1200,1200,1,0,0,0,0,0,1,1,1,1,0,7,0,0,0,0,0,0,0,302002,31620,21,0,720,2,无,无,1秒,召唤一只神兽跟随自己战斗
51307,召唤神兽,513,1,召唤一只神兽，协助战斗，消灭怪物自身可升级,3,7,1,51308,1,40000,0,3,0,1,1200,1200,1,0,0,0,0,0,1,1,1,1,0,7,0,0,0,0,0,0,0,302003,31620,21,0,720,2,无,无,1秒,召唤一只神兽跟随自己战斗
51308,召唤神兽,513,1,召唤一只神兽，协助战斗，消灭怪物自身可升级,3,8,1,51309,1,57000,0,3,0,1,1200,1200,1,0,0,0,0,0,1,1,1,1,0,7,0,0,0,0,0,0,0,302004,31620,21,0,720,2,无,无,1秒,召唤一只神兽跟随自己战斗
51309,召唤神兽,513,1,召唤一只神兽，协助战斗，消灭怪物自身可升级,3,9,1,51310,1,57000,0,3,0,1,1200,1200,1,0,0,0,0,0,1,1,1,1,0,7,0,0,0,0,0,0,0,302005,31620,21,0,720,2,无,无,1秒,召唤一只神兽跟随自己战斗
51310,召唤神兽,513,1,召唤一只神兽，协助战斗，消灭怪物自身可升级,3,10,1,51311,1,57000,0,3,0,1,1200,1200,1,0,0,0,0,0,1,1,1,1,0,7,0,0,0,0,0,0,0,302006,31620,21,0,720,2,无,无,1秒,召唤一只神兽跟随自己战斗
51311,怒之召唤虎卫,513,1,召唤一只虎卫，协助战斗，消灭怪物自身可升级,3,11,1,51312,1,180000,26030012,3,0,1,1200,1200,1,0,0,0,0,0,1,1,1,1,0,7,0,0,0,0,0,0,0,302101,33620,21,0,720,2,无,无,1秒,召唤一只虎卫跟随自己战斗
51312,怒之召唤虎卫,513,1,召唤一只虎卫，协助战斗，消灭怪物自身可升级,3,12,1,51313,1,270000,0,3,0,1,1200,1200,1,0,0,0,0,0,1,1,1,1,0,7,0,0,0,0,0,0,0,302101,33620,21,0,720,2,无,无,1秒,召唤一只虎卫跟随自己战斗
51313,怒之召唤虎卫,513,1,召唤一只虎卫，协助战斗，消灭怪物自身可升级,3,13,1,0,1,0,0,3,0,1,1200,1200,1,0,0,0,0,0,1,1,1,1,0,7,0,0,0,0,0,0,0,302101,33620,21,0,720,2,无,无,1秒,召唤一只虎卫跟随自己战斗
50801,圣甲术,508,1,能够提高3*3范围内友方物理及魔法防御力,3,1,1,50802,1,2000,26030021,3,0,1,1200,1200,1,2,3,0,8,1,100,1;2;3;4;6,2,3,0,25,0,32001,0,0,0,0,0,60000,31630,16,0,720,3,无,目标坐标3*3范围,1秒,增加范围内友方玩家物防及魔防
50802,圣甲术,508,1,能够提高3*3范围内友方物理及魔法防御力,3,2,1,50803,1,9000,0,3,0,1,1200,1200,1,2,3,0,8,1,100,1;2;3;4;6,2,3,0,50,0,32002,0,0,0,0,0,60000,31630,16,0,720,3,无,目标坐标3*3范围,1秒,增加范围内友方玩家物防及魔防
50803,圣甲术,508,1,能够提高3*3范围内友方物理及魔法防御力,3,3,1,50804,1,18000,0,3,0,1,1200,1200,1,2,3,0,8,1,100,1;2;3;4;6,2,3,0,75,0,32003,0,0,0,0,0,60000,31630,16,0,720,3,无,目标坐标3*3范围,1秒,增加范围内友方玩家物防及魔防
50804,圣甲术,508,1,能够提高3*3范围内友方物理及魔法防御力,3,4,1,50805,1,18000,0,3,0,1,1200,1200,1,2,3,0,8,1,100,1;2;3;4;6,2,3,0,100,0,32004,0,0,0,0,0,60000,31630,16,0,720,3,无,目标坐标3*3范围,1秒,增加范围内友方玩家物防及魔防
50805,圣甲术,508,1,能够提高3*3范围内友方物理及魔法防御力,3,5,1,50806,1,27000,0,3,0,1,1200,1200,1,2,3,0,8,1,100,1;2;3;4;6,2,3,0,125,0,32005,0,0,0,0,0,60000,31630,16,0,720,3,无,目标坐标3*3范围,1秒,增加范围内友方玩家物防及魔防
50806,圣甲术,508,1,能够提高3*3范围内友方物理及魔法防御力,3,6,1,50807,1,40000,0,3,0,1,1200,1200,1,2,3,0,8,1,100,1;2;3;4;6,2,3,0,150,0,32006,0,0,0,0,0,60000,31630,16,0,720,3,无,目标坐标3*3范围,1秒,增加范围内友方玩家物防及魔防
50807,圣甲术,508,1,能够提高3*3范围内友方物理及魔法防御力,3,7,1,50808,1,40000,0,3,0,1,1200,1200,1,2,3,0,8,1,100,1;2;3;4;6,2,3,0,175,0,32007,0,0,0,0,0,60000,31630,16,0,720,3,无,目标坐标3*3范围,1秒,增加范围内友方玩家物防及魔防
50808,圣甲术,508,1,能够提高3*3范围内友方物理及魔法防御力,3,8,1,50809,1,57000,0,3,0,1,1200,1200,1,2,3,0,8,1,100,1;2;3;4;6,2,3,0,200,0,32008,0,0,0,0,0,60000,31630,16,0,720,3,无,目标坐标3*3范围,1秒,增加范围内友方玩家物防及魔防
50809,圣甲术,508,1,能够提高3*3范围内友方物理及魔法防御力,3,9,1,50810,1,57000,0,3,0,1,1200,1200,1,2,3,0,8,1,100,1;2;3;4;6,2,3,0,225,0,32009,0,0,0,0,0,60000,31630,16,0,720,3,无,目标坐标3*3范围,1秒,增加范围内友方玩家物防及魔防
50810,圣甲术,508,1,能够提高3*3范围内友方物理及魔法防御力,3,10,1,50811,1,57000,0,3,0,1,1200,1200,1,2,3,0,8,1,100,1;2;3;4;6,2,3,0,250,0,32010,0,0,0,0,0,60000,31630,16,0,720,3,无,目标坐标3*3范围,1秒,增加范围内友方玩家物防及魔防
50811,怒之圣甲术,508,1,能够提高3*3范围内友方物理及魔法防御力,3,11,1,50812,1,180000,26030022,3,0,1,1200,1200,1,2,3,0,8,1,100,1;2;3;4;6,2,3,0,300,0,32010,0,0,0,0,0,60000,33630,16,0,720,3,无,目标坐标3*3范围,1秒,增加范围内友方玩家物防及魔防
50812,怒之圣甲术,508,1,能够提高3*3范围内友方物理及魔法防御力,3,12,1,50813,1,270000,0,3,0,1,1200,1200,1,2,3,0,8,1,100,1;2;3;4;6,2,3,0,350,0,32010,0,0,0,0,0,60000,33630,16,0,720,3,无,目标坐标3*3范围,1秒,增加范围内友方玩家物防及魔防
50813,怒之圣甲术,508,1,能够提高3*3范围内友方物理及魔法防御力,3,13,1,0,1,0,0,3,0,1,1200,1200,1,2,3,0,8,1,100,1;2;3;4;6,2,3,0,400,0,32010,0,0,0,0,0,60000,33630,16,0,720,3,无,目标坐标3*3范围,1秒,增加范围内友方玩家物防及魔防
50301,群体施毒术,503,1,将精神力赋予蛊毒之中进行扩散，对3*3范围内敌方目标造成持续伤害,3,1,1,50302,1,2000,26030031,3,0,1,1200,1200,1,2,3,0,8,1,100,1;2;3;4;6,3,2,200,50,0,31001,0,0,0,0,0,40000,31640,17,0,720,4,道术攻击*<a color='30ff00'>2%+50</a>点附加伤害,目标坐标3*3范围,1秒,一定时间内造成持续伤害
50302,群体施毒术,503,1,将精神力赋予蛊毒之中进行扩散，对3*3范围内敌方目标造成持续伤害,3,2,1,50303,1,9000,0,3,0,1,1200,1200,1,2,3,0,8,1,100,1;2;3;4;6,3,2,210,100,0,31002,0,0,0,0,0,40000,31640,17,0,720,4,道术攻击*<a color='30ff00'>2%+100</a>点附加伤害,目标坐标3*3范围,1秒,一定时间内造成持续伤害
50303,群体施毒术,503,1,将精神力赋予蛊毒之中进行扩散，对3*3范围内敌方目标造成持续伤害,3,3,1,50304,1,18000,0,3,0,1,1200,1200,1,2,3,0,8,1,100,1;2;3;4;6,3,2,220,150,0,31003,0,0,0,0,0,40000,31640,17,0,720,4,道术攻击*<a color='30ff00'>2%+150</a>点附加伤害,目标坐标3*3范围,1秒,一定时间内造成持续伤害
50304,群体施毒术,503,1,将精神力赋予蛊毒之中进行扩散，对3*3范围内敌方目标造成持续伤害,3,4,1,50305,1,18000,0,3,0,1,1200,1200,1,2,3,0,8,1,100,1;2;3;4;6,3,2,230,200,0,31004,0,0,0,0,0,40000,31640,17,0,720,4,道术攻击*<a color='30ff00'>2%+200</a>点附加伤害,目标坐标3*3范围,1秒,一定时间内造成持续伤害
50305,群体施毒术,503,1,将精神力赋予蛊毒之中进行扩散，对3*3范围内敌方目标造成持续伤害,3,5,1,50306,1,27000,0,3,0,1,1200,1200,1,2,3,0,8,1,100,1;2;3;4;6,3,2,240,250,0,31005,0,0,0,0,0,40000,31640,17,0,720,4,道术攻击*<a color='30ff00'>2%+250</a>点附加伤害,目标坐标3*3范围,1秒,一定时间内造成持续伤害
50306,群体施毒术,503,1,将精神力赋予蛊毒之中进行扩散，对3*3范围内敌方目标造成持续伤害,3,6,1,50307,1,40000,0,3,0,1,1200,1200,1,2,3,0,8,1,100,1;2;3;4;6,3,2,250,300,0,31006,0,0,0,0,0,40000,31640,17,0,720,4,道术攻击*<a color='30ff00'>2%+300</a>点附加伤害,目标坐标3*3范围,1秒,一定时间内造成持续伤害
50307,群体施毒术,503,1,将精神力赋予蛊毒之中进行扩散，对3*3范围内敌方目标造成持续伤害,3,7,1,50308,1,40000,0,3,0,1,1200,1200,1,2,3,0,8,1,100,1;2;3;4;6,3,2,260,350,0,31007,0,0,0,0,0,40000,31640,17,0,720,4,道术攻击*<a color='30ff00'>2%+350</a>点附加伤害,目标坐标3*3范围,1秒,一定时间内造成持续伤害
50308,群体施毒术,503,1,将精神力赋予蛊毒之中进行扩散，对3*3范围内敌方目标造成持续伤害,3,8,1,50309,1,57000,0,3,0,1,1200,1200,1,2,3,0,8,1,100,1;2;3;4;6,3,2,270,400,0,31008,0,0,0,0,0,40000,31640,17,0,720,4,道术攻击*<a color='30ff00'>2%+400</a>点附加伤害,目标坐标3*3范围,1秒,一定时间内造成持续伤害
50309,群体施毒术,503,1,将精神力赋予蛊毒之中进行扩散，对3*3范围内敌方目标造成持续伤害,3,9,1,50310,1,57000,0,3,0,1,1200,1200,1,2,3,0,8,1,100,1;2;3;4;6,3,2,280,450,0,31009,0,0,0,0,0,40000,31640,17,0,720,4,道术攻击*<a color='30ff00'>2%+450</a>点附加伤害,目标坐标3*3范围,1秒,一定时间内造成持续伤害
50310,群体施毒术,503,1,将精神力赋予蛊毒之中进行扩散，对3*3范围内敌方目标造成持续伤害,3,10,1,50311,1,57000,0,3,0,1,1200,1200,1,2,3,0,8,1,100,1;2;3;4;6,3,2,290,500,0,31010,0,0,0,0,0,40000,31640,17,0,720,4,道术攻击*<a color='30ff00'>2%+500</a>点附加伤害,目标坐标3*3范围,1秒,一定时间内造成持续伤害
50311,怒之群体施毒术,503,1,将精神力赋予蛊毒之中进行扩散，对3*3范围内敌方目标造成持续伤害,3,11,1,50312,1,180000,26030032,3,0,1,1200,1200,1,2,3,0,8,1,100,1;2;3;4;6,3,2,350,800,0,31010,0,0,0,0,0,40000,33640,17,0,720,4,道术攻击*<a color='30ff00'>3%+550</a>点附加伤害,目标坐标3*3范围,1秒,一定时间内造成持续伤害，额外造成<a color='30ff00'>250</a>点伤害
50312,怒之群体施毒术,503,1,将精神力赋予蛊毒之中进行扩散，对3*3范围内敌方目标造成持续伤害,3,12,1,50313,1,270000,0,3,0,1,1200,1200,1,2,3,0,8,1,100,1;2;3;4;6,3,2,400,1000,0,31010,0,0,0,0,0,40000,33640,17,0,720,4,道术攻击*<a color='30ff00'>4%+600</a>点附加伤害,目标坐标3*3范围,1秒,一定时间内造成持续伤害，额外造成<a color='30ff00'>400</a>点伤害
50313,怒之群体施毒术,503,1,将精神力赋予蛊毒之中进行扩散，对3*3范围内敌方目标造成持续伤害,3,13,1,0,1,0,0,3,0,1,1200,1200,1,2,3,0,8,1,100,1;2;3;4;6,3,2,450,1200,0,31010,0,0,0,0,0,40000,33640,17,0,720,4,道术攻击*<a color='30ff00'>5%+650</a>点附加伤害,目标坐标3*3范围,1秒,一定时间内造成持续伤害，额外造成<a color='30ff00'>550</a>点伤害
51201,群体治疗术,512,1,提高3*3范围内友方单位，生命恢复速度,3,1,1,51202,1,2000,26030041,3,0,1,1200,1200,1,2,3,0,8,1,100,1;2;3;4;6,2,3,200,45,0,0,0,0,0,0,0,40000,31650,16,0,720,5,无,目标坐标3*3范围,15秒,立即回复生命值
51202,群体治疗术,512,1,提高3*3范围内友方单位，生命恢复速度,3,2,1,51203,1,9000,0,3,0,1,1200,1200,1,2,3,0,8,1,100,1;2;3;4;6,2,3,210,50,0,0,0,0,0,0,0,40000,31650,16,0,720,5,无,目标坐标3*3范围,15秒,立即回复生命值
51203,群体治疗术,512,1,提高3*3范围内友方单位，生命恢复速度,3,3,1,51204,1,18000,0,3,0,1,1200,1200,1,2,3,0,8,1,100,1;2;3;4;6,2,3,220,55,0,0,0,0,0,0,0,40000,31650,16,0,720,5,无,目标坐标3*3范围,15秒,立即回复生命值
51204,群体治疗术,512,1,提高3*3范围内友方单位，生命恢复速度,3,4,1,51205,1,18000,0,3,0,1,1200,1200,1,2,3,0,8,1,100,1;2;3;4;6,2,3,230,60,0,0,0,0,0,0,0,40000,31650,16,0,720,5,无,目标坐标3*3范围,15秒,立即回复生命值
51205,群体治疗术,512,1,提高3*3范围内友方单位，生命恢复速度,3,5,1,51206,1,27000,0,3,0,1,1200,1200,1,2,3,0,8,1,100,1;2;3;4;6,2,3,240,65,0,0,0,0,0,0,0,40000,31650,16,0,720,5,无,目标坐标3*3范围,15秒,立即回复生命值
51206,群体治疗术,512,1,提高3*3范围内友方单位，生命恢复速度,3,6,1,51207,1,40000,0,3,0,1,1200,1200,1,2,3,0,8,1,100,1;2;3;4;6,2,3,250,70,0,0,0,0,0,0,0,40000,31650,16,0,720,5,无,目标坐标3*3范围,15秒,立即回复生命值
51207,群体治疗术,512,1,提高3*3范围内友方单位，生命恢复速度,3,7,1,51208,1,40000,0,3,0,1,1200,1200,1,2,3,0,8,1,100,1;2;3;4;6,2,3,260,75,0,0,0,0,0,0,0,40000,31650,16,0,720,5,无,目标坐标3*3范围,15秒,立即回复生命值
51208,群体治疗术,512,1,提高3*3范围内友方单位，生命恢复速度,3,8,1,51209,1,57000,0,3,0,1,1200,1200,1,2,3,0,8,1,100,1;2;3;4;6,2,3,270,80,0,0,0,0,0,0,0,40000,31650,16,0,720,5,无,目标坐标3*3范围,15秒,立即回复生命值
51209,群体治疗术,512,1,提高3*3范围内友方单位，生命恢复速度,3,9,1,51210,1,57000,0,3,0,1,1200,1200,1,2,3,0,8,1,100,1;2;3;4;6,2,3,280,85,0,0,0,0,0,0,0,40000,31650,16,0,720,5,无,目标坐标3*3范围,15秒,立即回复生命值
51210,群体治疗术,512,1,提高3*3范围内友方单位，生命恢复速度,3,10,1,51211,1,57000,0,3,0,1,1200,1200,1,2,3,0,8,1,100,1;2;3;4;6,2,3,290,90,0,0,0,0,0,0,0,40000,31650,16,0,720,5,无,目标坐标3*3范围,15秒,立即回复生命值
51211,怒之群体治疗术,512,1,提高3*3范围内友方单位，生命恢复速度,3,11,1,51212,1,180000,26030042,3,0,1,1200,1200,1,2,3,0,8,1,100,1;2;3;4;6,2,3,350,150,0,0,0,0,0,0,0,40000,33650,16,0,720,5,无,目标坐标3*3范围,15秒,立即回复生命值
51212,怒之群体治疗术,512,1,提高3*3范围内友方单位，生命恢复速度,3,12,1,51213,1,270000,0,3,0,1,1200,1200,1,2,3,0,8,1,100,1;2;3;4;6,2,3,400,180,0,0,0,0,0,0,0,40000,33650,16,0,720,5,无,目标坐标3*3范围,15秒,立即回复生命值
51213,怒之群体治疗术,512,1,提高3*3范围内友方单位，生命恢复速度,3,13,1,0,1,0,0,3,0,1,1200,1200,1,2,3,0,8,1,100,1;2;3;4;6,2,3,450,210,0,0,0,0,0,0,0,40000,33650,16,0,720,5,无,目标坐标3*3范围,15秒,立即回复生命值
50701,群体隐身术,507,1,在友方身边释放精神之力，使友方进入隐身状态，移动状态失效,3,1,1,50702,1,2000,26030051,3,0,1,1200,1200,1,2,3,0,8,1,100,1;2;3;4;6,2,1,10000,0,0,33001,0,0,0,0,0,30000,31660,16,0,720,6,无,目标坐标3*3范围,1秒,使范围内友方玩家隐身
50702,群体隐身术,507,1,在友方身边释放精神之力，使友方进入隐身状态，移动状态失效,3,2,1,50703,1,9000,0,3,0,1,1200,1200,1,2,3,0,8,1,100,1;2;3;4;6,2,1,10000,0,0,33002,0,0,0,0,0,30000,31660,16,0,720,6,无,目标坐标3*3范围,1秒,使范围内友方玩家隐身
50703,群体隐身术,507,1,在友方身边释放精神之力，使友方进入隐身状态，移动状态失效,3,3,1,50704,1,18000,0,3,0,1,1200,1200,1,2,3,0,8,1,100,1;2;3;4;6,2,1,10000,0,0,33003,0,0,0,0,0,30000,31660,16,0,720,6,无,目标坐标3*3范围,1秒,使范围内友方玩家隐身
50704,群体隐身术,507,1,在友方身边释放精神之力，使友方进入隐身状态，移动状态失效,3,4,1,50705,1,18000,0,3,0,1,1200,1200,1,2,3,0,8,1,100,1;2;3;4;6,2,1,10000,0,0,33004,0,0,0,0,0,30000,31660,16,0,720,6,无,目标坐标3*3范围,1秒,使范围内友方玩家隐身
50705,群体隐身术,507,1,在友方身边释放精神之力，使友方进入隐身状态，移动状态失效,3,5,1,50706,1,27000,0,3,0,1,1200,1200,1,2,3,0,8,1,100,1;2;3;4;6,2,1,10000,0,0,33005,0,0,0,0,0,30000,31660,16,0,720,6,无,目标坐标3*3范围,1秒,使范围内友方玩家隐身
50706,群体隐身术,507,1,在友方身边释放精神之力，使友方进入隐身状态，移动状态失效,3,6,1,50707,1,40000,0,3,0,1,1200,1200,1,2,3,0,8,1,100,1;2;3;4;6,2,1,10000,0,0,33006,0,0,0,0,0,30000,31660,16,0,720,6,无,目标坐标3*3范围,1秒,使范围内友方玩家隐身
50707,群体隐身术,507,1,在友方身边释放精神之力，使友方进入隐身状态，移动状态失效,3,7,1,50708,1,40000,0,3,0,1,1200,1200,1,2,3,0,8,1,100,1;2;3;4;6,2,1,10000,0,0,33007,0,0,0,0,0,30000,31660,16,0,720,6,无,目标坐标3*3范围,1秒,使范围内友方玩家隐身
50708,群体隐身术,507,1,在友方身边释放精神之力，使友方进入隐身状态，移动状态失效,3,8,1,50709,1,57000,0,3,0,1,1200,1200,1,2,3,0,8,1,100,1;2;3;4;6,2,1,10000,0,0,33008,0,0,0,0,0,30000,31660,16,0,720,6,无,目标坐标3*3范围,1秒,使范围内友方玩家隐身
50709,群体隐身术,507,1,在友方身边释放精神之力，使友方进入隐身状态，移动状态失效,3,9,1,50710,1,57000,0,3,0,1,1200,1200,1,2,3,0,8,1,100,1;2;3;4;6,2,1,10000,0,0,33009,0,0,0,0,0,30000,31660,16,0,720,6,无,目标坐标3*3范围,1秒,使范围内友方玩家隐身
50710,群体隐身术,507,1,在友方身边释放精神之力，使友方进入隐身状态，移动状态失效,3,10,1,50711,1,57000,0,3,0,1,1200,1200,1,2,3,0,8,1,100,1;2;3;4;6,2,1,10000,0,0,33010,0,0,0,0,0,30000,31660,16,0,720,6,无,目标坐标3*3范围,1秒,使范围内友方玩家隐身
50711,怒之群体隐身术,507,1,在友方身边释放精神之力，使友方进入隐身状态，移动状态失效,3,11,1,50712,1,180000,26030052,3,0,1,1200,1200,1,2,3,0,8,1,100,1;2;3;4;6,2,1,10000,0,0,33011,0,0,0,0,0,30000,31660,16,0,720,6,无,目标坐标3*3范围,1秒,使范围内友方玩家隐身
50712,怒之群体隐身术,507,1,在友方身边释放精神之力，使友方进入隐身状态，移动状态失效,3,12,1,50713,1,270000,0,3,0,1,1200,1200,1,2,3,0,8,1,100,1;2;3;4;6,2,1,10000,0,0,33012,0,0,0,0,0,30000,31660,16,0,720,6,无,目标坐标3*3范围,1秒,使范围内友方玩家隐身
50713,怒之群体隐身术,507,1,在友方身边释放精神之力，使友方进入隐身状态，移动状态失效,3,13,1,0,1,0,0,3,0,1,1200,1200,1,2,3,0,8,1,100,1;2;3;4;6,2,1,10000,0,0,33013,0,0,0,0,0,30000,31660,16,0,720,6,无,目标坐标3*3范围,1秒,使范围内友方玩家隐身
50201,精神力战法,502,0,根据修炼等级不同，道术攻击力将会得到提高,3,1,1,50202,0,2000,26030061,3,0,1,0,0,3,1,0,0,0,0,1,1,1,1,0,0,0,0,0,10000,0,0,0,0,0,0,0,720,7,增加<a color='30ff00'>1</a>点准确,无,无,无
50202,精神力战法,502,0,根据修炼等级不同，道术攻击力将会得到提高,3,2,1,50203,0,9000,0,3,0,1,0,0,3,1,0,0,0,0,1,1,1,1,0,0,0,0,0,10000,0,0,0,0,0,0,0,720,7,增加<a color='30ff00'>2</a>点准确,无,无,无
50203,精神力战法,502,0,根据修炼等级不同，道术攻击力将会得到提高,3,3,1,50204,0,18000,0,3,0,1,0,0,3,1,0,0,0,0,1,1,1,1,0,0,0,0,0,10000,0,0,0,0,0,0,0,720,7,增加<a color='30ff00'>3</a>点准确,无,无,无
50204,精神力战法,502,0,根据修炼等级不同，道术攻击力将会得到提高,3,4,1,50205,0,18000,0,3,0,1,0,0,3,1,0,0,0,0,1,1,1,1,0,0,0,0,0,10000,0,0,0,0,0,0,0,720,7,增加<a color='30ff00'>4</a>点准确,无,无,无
50205,精神力战法,502,0,根据修炼等级不同，道术攻击力将会得到提高,3,5,1,50206,0,27000,0,3,0,1,0,0,3,1,0,0,0,0,1,1,1,1,0,0,0,0,0,10000,0,0,0,0,0,0,0,720,7,增加<a color='30ff00'>5</a>点准确,无,无,无
50206,精神力战法,502,0,根据修炼等级不同，道术攻击力将会得到提高,3,6,1,50207,0,40000,0,3,0,1,0,0,3,1,0,0,0,0,1,1,1,1,0,0,0,0,0,10000,0,0,0,0,0,0,0,720,7,增加<a color='30ff00'>6</a>点准确,无,无,无
50207,精神力战法,502,0,根据修炼等级不同，道术攻击力将会得到提高,3,7,1,50208,0,40000,0,3,0,1,0,0,3,1,0,0,0,0,1,1,1,1,0,0,0,0,0,10000,0,0,0,0,0,0,0,720,7,增加<a color='30ff00'>7</a>点准确,无,无,无
50208,精神力战法,502,0,根据修炼等级不同，道术攻击力将会得到提高,3,8,1,50209,0,57000,0,3,0,1,0,0,3,1,0,0,0,0,1,1,1,1,0,0,0,0,0,10000,0,0,0,0,0,0,0,720,7,增加<a color='30ff00'>8</a>点准确,无,无,无
50209,精神力战法,502,0,根据修炼等级不同，道术攻击力将会得到提高,3,9,1,50210,0,57000,0,3,0,1,0,0,3,1,0,0,0,0,1,1,1,1,0,0,0,0,0,10000,0,0,0,0,0,0,0,720,7,增加<a color='30ff00'>9</a>点准确,无,无,无
50210,精神力战法,502,0,根据修炼等级不同，道术攻击力将会得到提高,3,10,1,0,0,57000,0,3,0,1,0,0,3,1,0,0,0,0,1,1,1,1,0,0,0,0,0,10000,0,0,0,0,0,0,0,720,7,增加<a color='30ff00'>10</a>点准确,无,无,无
60101,怪物普通攻击,0,0,无,0,1,1,0,0,0,0,1,0,0,1200,1200,1,1,0,1,1,1,1,1;2;3,3,2,10000,0,10000,0,0,0,0,0,0,0,0,0,0,720,0,无,无,无,无
60201,暴风雪,0,0,无,0,1,1,0,0,0,0,1,0,0,1200,1200,1,2,5,0,8,1,100,1;2;3,3,2,10000,0,10000,0,0,0,0,0,0,0,40001,16,0,720,0,无,无,无,无
60301,冰冲击,0,0,无,0,1,1,0,0,0,0,1,0,0,1200,1200,1,2,4,0,1,100,100,1;2;3,3,2,10000,0,10000,0,0,0,0,0,0,0,40016,21,0,720,0,无,无,无,无
60401,冰侵蚀,0,0,无,0,1,1,0,0,0,0,1,0,0,1200,1200,1,2,5,0,8,1,100,1;2;3,3,2,10000,0,10000,0,0,0,0,0,0,0,40002,16,0,720,0,无,无,无,无
60501,冰象冰圈,0,0,无,0,1,1,0,0,0,0,1,0,0,1200,1200,1,2,4,0,1,100,100,1;2;3,3,2,10000,0,10000,0,0,0,0,0,0,0,40004,21,1,720,0,无,无,无,无
60601,触龙神吐毒,0,0,无,0,1,1,0,0,0,0,1,0,0,1200,1200,1,1,9,0,8,1,100,1;2;3,3,2,10000,0,10000,0,0,0,0,0,0,0,40005,21,0,720,0,无,无,无,无
60701,旋风斩,0,0,无,0,1,1,0,0,0,0,1,0,0,1200,1200,1,2,4,1,1,1,100,1;2;3,3,2,10000,0,10000,0,0,0,0,0,0,0,40009,21,0,720,0,无,无,无,无
60801,冰剁,0,0,无,0,1,1,0,0,0,0,1,0,0,1200,1200,1,2,4,1,1,1,100,1;2;3,3,2,10000,0,10000,0,0,0,0,0,0,0,40010,21,0,720,0,无,无,无,无
60901,海盗射击,0,0,无,0,1,1,0,0,0,0,1,0,0,1200,1200,1,1,1,0,8,1,100,1;2;3,3,2,10000,0,10000,0,0,0,0,0,0,0,40029,19,0,720,0,无,无,无,无
61001,海盗反伤盾,0,0,无,0,1,1,0,0,0,0,1,0,0,1200,1200,1,0,0,0,0,0,100,1;2;3,3,2,10000,0,10000,0,0,0,0,0,0,0,40012,21,0,720,0,无,无,无,无
61101,火龙天火,0,0,无,0,1,1,0,0,0,0,1,0,0,1200,1200,1,2,5,0,8,1,100,1;2;3,3,2,10000,0,10000,0,0,0,0,0,0,0,40013,16,0,720,0,无,无,无,无
61201,双头蛇放毒,0,0,无,0,1,1,0,0,0,0,1,0,0,1200,1200,1,1,4,1,1,1,100,1;2;3,3,2,10000,0,10000,0,0,0,0,0,0,0,40014,10,0,720,0,无,无,无,无
61301,菊花怪毒圈,0,0,无,0,1,1,0,0,0,0,1,0,0,1200,1200,1,2,5,1,1,1,100,1;2;3,3,2,10000,0,10000,0,0,0,0,0,0,0,40015,16,0,720,0,无,无,无,无
61401,美杜莎射箭,0,0,无,0,1,1,0,0,0,0,1,0,0,1200,1200,1,1,1,0,8,1,100,1;2;3,3,2,10000,0,10000,0,0,0,0,0,0,0,40016,19,0,720,0,无,无,无,无
61501,魔龙教主裂地,0,0,无,0,1,1,0,0,0,0,1,0,0,1200,1200,1,2,5,1,1,1,100,1;2;3,3,2,10000,0,10000,0,0,0,0,0,0,0,40017,10,0,720,0,无,无,无,无
61601,魔龙教主施法,0,0,无,0,1,1,0,0,0,0,1,0,0,1200,1200,1,2,1,0,8,1,100,1;2;3,3,2,10000,0,10000,0,0,0,0,0,0,0,40018,21,0,720,0,无,无,无,无
61701,乾坤一指,0,0,无,0,1,1,0,0,0,0,1,0,0,1200,1200,1,1,1,0,8,1,100,1;2;3,3,2,10000,0,10000,0,0,0,0,0,0,0,40020,16,0,720,0,无,无,无,无
61801,深海霸主水泡,0,0,无,0,1,1,0,0,0,0,1,0,0,1200,1200,1,2,5,0,8,1,100,1;2;3,3,2,10000,0,10000,0,0,0,0,0,0,0,40021,10,0,720,0,无,无,无,无
61901,深海霸主锤击,0,0,无,0,1,1,0,0,0,0,1,0,0,1200,1200,1,2,5,1,1,1,100,1;2;3,3,2,10000,0,10000,0,0,0,0,0,0,0,40022,10,0,720,0,无,无,无,无
62001,兽人战将血击,0,0,无,0,1,1,0,0,0,0,1,0,0,1200,1200,1,2,1,1,1,1,100,1;2;3,3,2,10000,0,10000,0,0,0,0,0,0,0,11050,10,0,720,0,无,无,无,无
62101,熊猫喷火,0,0,无,0,1,1,0,0,0,0,1,0,0,1200,1200,1,2,5,1,1,4,100,1;2;3,3,2,10000,0,10000,0,0,0,0,0,0,0,40025,10,0,720,0,无,无,无,无
62201,远古巨兽火堆,0,0,无,0,1,1,0,0,0,0,1,0,0,1200,1200,1,2,4,1,1,1,100,1;2;3,3,2,10000,0,10000,0,0,0,0,0,0,0,40026,16,0,720,0,无,无,无,无
62301,恶魔地刺,0,0,无,0,1,1,0,0,0,0,1,0,0,1200,1200,1,1,7,0,8,100,100,1;2;3,3,2,10000,0,10000,0,0,0,0,0,0,0,40027,16,0,720,0,无,无,无,无
62401,猪魔旋风,0,0,无,0,1,1,0,0,0,0,1,0,0,1200,1200,1,2,4,1,1,1,100,1;2;3,3,2,10000,0,10000,0,0,0,0,0,0,0,40028,21,0,720,0,无,无,无,无
62501,怪物雷电,0,0,无,0,1,1,0,0,0,0,2,0,0,1200,1200,1,1,1,0,8,1,100,1;2;3,3,2,10000,0,10000,0,0,0,0,0,0,0,21330,18,0,720,0,无,无,无,无
62601,怪物冰刨,0,0,无,0,1,1,0,0,0,0,2,0,0,1200,1200,1,2,5,0,8,1,100,1;2;3,3,2,10000,0,10000,0,0,0,0,0,0,0,20200,17,0,720,0,无,无,无,无
62701,怪物刺杀,0,0,无,0,1,1,0,0,0,0,1,0,0,850,850,1,3,2,1,2,2,100,1;2;3,3,2,10000,0,10000,0,0,0,0,0,0,0,11020,10,0,720,0,无,无,无,无
62801,怪物溅射,0,0,无,0,1,1,0,0,0,0,1,0,0,850,850,1,2,4,1,1,1,100,1;2;3,3,2,10000,0,10000,0,0,0,0,0,0,0,0,0,0,720,0,无,无,无,无
62901,怪物单体高伤,0,0,无,0,1,1,0,0,0,0,1,0,0,850,850,1,2,4,0,1,100,100,1;2;3,3,2,15000,0,10000,0,0,0,0,0,0,0,40004,21,0,720,0,无,无,无,无
63001,怪物4格高伤,0,0,无,0,1,1,0,0,0,0,1,0,0,850,850,1,3,2,1,4,4,100,1;2;3,3,2,12000,0,10000,0,0,0,0,0,0,0,11060,10,0,720,0,无,无,无,无
63101,全屏雷电,0,0,无,0,1,1,0,0,0,0,1,0,0,1200,1200,1,2,4,0,1,100,100,1;2;3,3,2,10000,0,10000,0,0,0,0,0,0,0,40031,21,1,720,0,无,无,无,无
63201,全屏伤害,0,0,无,0,1,1,0,0,0,0,1,0,0,1200,1200,1,1,8,0,8,100,100,1;2;3,3,2,10000,0,10000,0,0,0,0,0,0,0,0,0,1,720,0,无,无,无,无
63301,人形怪雷电,0,0,无,0,1,1,0,0,0,0,2,0,0,1200,1200,1,1,1,0,8,1,100,1;2;3,3,2,10000,0,10000,0,0,0,0,0,0,0,0,0,0,720,0,无,无,无,无
63401,人形怪刺杀,0,0,无,0,1,1,0,0,0,0,1,0,0,850,850,1,3,2,1,2,2,100,1;2;3,3,2,10000,0,10000,0,0,0,0,0,0,0,11020,10,0,720,0,无,无,无,无
63501,人形怪火符,0,0,无,0,1,1,0,0,0,0,3,0,1,1200,1200,1,1,1,0,8,1,100,1;2;3;4;6,3,2,8500,80,10000,0,0,0,0,0,0,0,31610,12,0,720,0,无,无,无,无
63601,双头蛇单体毒,0,0,无,0,1,1,0,0,0,0,1,0,0,1200,1200,1,1,1,1,1,1,100,1;2;3,3,2,10000,0,10000,0,0,0,0,0,0,0,40014,10,0,720,0,无,无,无,无
70001,狗喷火,0,0,无,0,1,1,0,0,0,0,2,0,0,1200,1200,1,2,3,1,2,2,100,1;2;3;4;6,3,2,10000,0,10000,0,0,0,0,0,0,0,30800,10,0,720,0,无,无,无,无
70002,烧猪法神火墙,0,0,无,2,1,1,0,0,0,0,2,0,0,1200,1200,1,2,6,0,8,3,100,1;2;3;4;6,3,2,10000,0,10000,0,0,0,0,0,0,30000,21340,21,0,720,0,无,无,无,无
70003,烧猪法神雷电,0,0,无,2,1,1,0,0,0,0,2,0,1,1200,1200,1,1,1,0,8,1,100,1;2;3;4;6,3,2,30000,0,10000,0,0,0,0,0,0,0,21330,18,0,720,0,无,无,无,无
70004,杀猪法神冰刨,0,0,无,2,1,1,0,0,0,0,2,0,1,1200,1200,1,2,5,0,8,1,100,1;2;3;4;6,3,2,30000,0,10000,0,0,0,0,0,0,0,21370,17,0,720,0,无,无,无,无
70005,护卫圆月,0,0,无,0,1,1,0,0,0,0,1,0,0,850,850,1,1,4,1,1,1,100,1;2;3;4;6,3,2,10000,0,10000,0,0,0,0,0,0,0,40032,10,0,320,0,无,无,无,无
70006,护卫半月,0,0,无,0,1,1,0,0,0,0,1,0,0,850,850,1,2,10,1,1,1,100,1;2;3;4;6,3,2,10000,0,10000,0,0,0,0,0,0,0,40033,10,0,320,0,无,无,无,无
70007,白虎挠人,0,0,无,0,1,1,0,0,0,0,2,0,0,1200,1200,1,2,3,1,2,2,100,1;2;3;4;6,3,2,10000,0,10000,0,0,0,0,0,0,0,40030,10,0,720,0,无,无,无,无
80001,大刀百分比伤害,0,0,无,0,1,1,0,0,0,0,1,0,0,850,850,1,1,0,1,8,1,100,2,3,2,0,0,0,0,0,0,0,0,0,4000,30702,0,0,320,0,无,无,无,无
90001,升级,0,0,升级,0,1,1,0,0,0,0,0,0,0,0,0,1,1,0,0,0,0,1,1,1,1,0,0,0,0,0,0,0,0,0,0,50001,21,0,720,0,无,无,无,无
